№,Head,Gen,HeadNorm,GenNorm,HeadForm,GenForm,Rel,HeadSem,GenSem,SetRel,HeadDer,GenDer
1,сын,партнера,сын,партнер,Ncmsny,Ncmsny,KIN-SOC,,,,N,N
2,вице-премьер,правительства,вице-премьер,правительство,Nsmsny,Ncnsgn,MB,,,,N,Vn
3,представитель,президента,представитель,президент,Ncmsny,Ncmsgy,KIN-SOC,,,,Vt,N
4,президента,рф,президент,рф,Ncmsgy,Ncfsgn,MB,,,,N,N
5,оргaнизации,форума,оргaнизация,форум,Ncfsdn,Ncmsgn,OB,,,,Vt,N
6,заместитель,главы,заместитель,глава,Ncmsny,Ncmsgy,KIN-SOC,,,,Vt,N
7,главы,администрации,глава,администрация,Ncmsgy,Ncfsgn,MB,,,,N,N
8,администрации,президента,администрация,президент,Ncfsgn,Ncmsgy,MB,,,,N,N
9,руководитель,отделения,руководитель,отделение,Ncmsny,Ncnsgn,MB,,,,Vt,Vt
10,профессор,биофизики,профессор,биофизик,Ncmsny,Ncfsgn,ATR,,,,N,N
11,отеделения,рентгенологии,отеделение,рентгенология,Ncnsgn,Ncfsgn,ATR,,,,Vt,N
12,отец,малыша,отец,малыш,Ncmsny,Ncmsgy,KIN-SOC,,,,N,N
13,адвокат,дьявола,адвокат,дьявол,Ncmsny,Ncmsgy,KIN-SOC,,,,N,N
14,директор,"""би-би-си""",директор,би-би-си,Ncmsny,Ncfsnn,MB,,,,N,N
15,похищении,экспедитора,похищение,экспедитор,Ncnsln,Ncmsay,OB,,,,Vt,N
16,экспедитора,компании,экспедитор,компания,Ncmsay,Ncfsgn,MB,,,,N,N
17,обязанности,тренера,обязанность,тренер,Ncfpan,Ncmsgy,ATR,,,,A,Vt
18,директор,клуба,директор,клуб,Ncmsny,Ncmsgn,MB,,,,N,N
19,вещи,отца,вещь,отец,Ncfpan,Ncmsgy,POS,,,,N,N
20,некорректность,высказываний,некорректность,высказывание,Ncfsnn,Ncpgn,PAR,,,,A,Vt
21,женой,офицера,жена,офицер,Ncfsiy,Ncmsgy,KIN-SOC,,,,N,N
22,подробности,задержания,подробность,задержание,Ncfpan,Ncnsgn,ATR,,,,A,Vt
23,обозреватель,"""кп""",обозреватель,кп,Ncmsny,Ncmsnn,MB,,,,Vt,N
24,друг,человека,друг,человек,Ncmsny,Ncmsgy,KIN-SOC,,,,N,N
25,поручению,губернатора,поручение,губернатор,Ncnsdn,Ncmsgy,SAG,,,,Vt,N
26,подбором,площадок,подбор,площадка,Ncnsin,Ncfpgn,OB,,,,Vt,N
27,зампред,правительства,зампред,правительство,Ncmsny,Ncmsgn,MB,,,,Vt,N
28,рекомендациям,комиссии,рекомендация,комиссия,Ncfpdn,Ncfsgn,SAG,,,,Vt,N
29,приходом,тренера,приход,тренер,Ncmsin,Ncmsgy,SAG,,,,Vn,N
30,советник,председателя,советник,председатель,Ncmsny,Ncmsgy,KIN-SOC,,,,N,N
31,председателя,комитета,председатель,комитет,Ncmsgy,Ncmsgn,MB,,,,Vt,N
32,друг,ребенка,друг,ребенок,Ncmsny,Ncmsgy,KIN-SOC,,,,N,N
33,добыча,омуля,добыча,омуль,Ncfsnn,Ncmsgy,OB,,,,Vt,N
34,помощник,руководителя,помощник,руководитель,Ncmsny,Ncmsgy,KIN-SOC,,,,Vt,N
35,жалобы,приморцев,жалоба,приморец,Ncfpan,Ncmpgy,SAG,,,,Vn,N
36,действия,команды,действие,команда,Ncfpan,Ncfsgy,SAG,,,,Vn,N
37,телефонов,граждан,телефон,гражданин,Ncmpgn,Ncmpgy,POS,,,,N,N
38,оценки,работы,оценка,работа,Ncfsgn,Ncfsgn,OB,,,,Vt,Vn
39,фамилии,присутствующих,фамилия,присутствующий,Ncfsgn,Afpmpgf,POS,,,,N,N
40,адвокат,сержанта,адвокат,сержант,Ncmsny,Ncmsgy,KIN-SOC,,,,N,N
41,власть,землевладельца,власть,землевладелец,Ncfsnn,Ncmsgy,SAG,,,,Vn,N
42,разрешения,хозяина,разрешение,хозяин,Ncnsgn,Ncmsgy,SAG,,,,Vt,N
43,содержание,архиерея,содержание,архиерей,Ncnsan,Ncmsgy,OB,,,,Vt,N
44,наша,ставка,наш,ставка,P-snfna,Ncfsnn,POS,,,,N,N
45,кресло,главы,кресло,глава,Ncnsan,Ncmsgy,POS,,,,N,N
46,главы,района,глава,район,Ncmsgy,Ncmsgn,MB,,,,N,N
47,проведения,агитации,проведение,агитация,Ncnsgn,Ncfsgn,OB,,,,Vt,Vt
48,журналист,телеканала,журналист,телеканал,Ncmsny,Ncmsgy,MB,,,,N,N
49,встречу,начальника,встреча,начальник,Ncfsan,Ncmsgy,SAG,,,,Vt,N
50,начальника,отдела,начальник,отдел,Ncmsgy,Ncmsgn,MB,,,,N,N
51,отдела,прокуратуры,отдел,прокуратура,Ncmsgn,Ncfsgn,WH,,,,Vt,N
52,съемках,программы,съемка,программа,Ncfpln,Ncfsgn,OB,,,,Vt,N
53,преследования,гражданина,преследование,гражданин,Ncnsgn,Ncmsgy,OB,,,,Vt,N
54,обнаружения,имущества,обнаружение,имущество,Ncnsgn,Ncnsgn,OB,,,,Vt,Vt
55,партнер,компании,партнер,компания,Ncmsny,Ncfsgn,KIN-SOC,,,,N,N
56,объяснения,редактора,объяснение,редактор,Ncnsgn,Ncmsgy,SAG,,,,Vn,Vt
57,промах,редакции,промах,редакция,Ncmsnn,Ncfsgn,SAG,,,,Vn,Vt
58,исполнителей,злодеяния,исполнитель,злодеяние,Ncmpgy,Ncfsgn,OB',,,,Vt,N
59,кара,аллаха,кара,аллах,Ncfsnn,Ncmsgy,SAG,,,,Vn,N
60,накопления,человека,накопление,человек,Ncnpnn,Ncmsgy,POS,,,,N,N
61,заседании,комиссии,заседание,комиссия,Ncnsln,Ncfsgn,SAG,,,,Vn,N
62,комиссии,области,комиссия,область,Ncfsgn,Ncfsgn,ATR,,,,N,N
63,заместитель,комиссара,заместитель,комиссар,Ncmsny,Ncmsgy,KIN-SOC,,,,Vt,N
64,комиссара,области,комиссар,область,Ncmsgy,Ncfsgn,MB,,,,N,N
65,начальник,отдела,начальник,отдел,Ncmsny,Ncmsgn,MB,,,,N,N
66,отдела,призыва,отдел,призыв,Ncmsgn,Ncmsgn,WH,,,,Vt,Vt
67,утверждение,президента,утверждение,президент,Ncnsan,Ncmsgy,SAG,,,,Vt,N
68,состав,правительства,состав,правительство,Ncmsan,Ncnsgn,PAR,,,,Vn,Vn
69,листы,директора,лист,директор,Ncmpan,Ncmsgy,POS,,,,N,N
70,место,афганистана,место,афганистан,Ncnsan,Npmsgn,POS,,,,N,N
71,родственник,вице-премьера,родственник,вице-премьер,Ncmsny,Ncmsgy,KIN-SOC,,,,N,N
72,экранизацией,произведений,экранизация,произведение,Ncfsin,Ncnpgn,OB,,,,Vt,Vt
73,племянник,чародея,племянник,чародей,Ncmsny,Ncmsgy,KIN-SOC,,,,N,N
74,платежи,покупателя,платеж,покупатель,Ncmpan,Ncmsgy,SAG,,,,Vn,N
75,представителя,племени,представитель,племя,Ncmsgy,Ncnsgn,MB,,,,Vt,N
76,особенности,охоты,особенность,охота,Ncfpnn,Ncfsgn,PAR,,,,A,Vt
77,поиск,донора,поиск,донор,Ncmsan,Ncmsgy,OB,,,,Vt,N
78,опеку,парня,опека,парень,Ncfsan,Ncmsgy,SAG,,,,Vt,N
79,отец,живописца,отец,живописец,Ncmsny,Ncmsgy,KIN-SOC,,,,N,N
80,консолидация,усилий,консолидация,усилие,Ncfsnn,Ncnpgn,OB,,,,Vt,N
81,работа,групп,работа,группа,Ncfsnn,Ncfpgn,SAG,,,,Vn,N
82,строительство,домов,строительство,дом,Ncnsnn,Ncmpgn,OB,,,,Vt,N
83,заместитель,председателя,заместитель,председатель,Ncmsny,Ncmsgy,KIN-SOC,,,,Vt,N
84,председателя,правительства,председатель,правительство,Ncmsgy,Ncnsgn,MB,,,,Vt,N
85,директором,департамента,директор,департамент,Ncmsiy,Ncmsgn,MB,,,,N,N
86,департамента,мчс,департамент,мчс,Ncmsgn,Ncnsgn,WH,,,,N,N
87,управления,защиты,управление,защита,Nsnsgn,Nsfsgn,OB,,,,Vt,Vt
88,защиты,информации,защита,информация,Nsfsgn,Ncfsgn,OB,,,,Vt,N
89,обеспечения,безопасности,обеспечение,безопасность,Nsnsgn,Ncfsgn,OB,,,,Vt,A
90,безопасности,работ,безопасность,работа,Ncfsgn,Ncfpgn,PAR,,,,A,Vn
91,работ,ведомства,работа,ведомство,Ncfpgn,Ncnsgn,SAG,,,,Vn,N
92,подписание,соглашения,подписание,соглашение,Ncnsnn,Ncnsgn,OB,,,,Vt,Vn
93,глава,мид,глава,мид,Ncmsny,Ncnsgn,MB,,,,N,N
94,президенте,рф,президент,рф,Ncmsly,Ncfsgn,MB,,,,N,N
95,вдова,артиста,вдова,артист,Ncfsnn,Ncmsgy,KIN-SOC,,,,N,N
96,состояние,его,состояние,он,Ncnsan,P-3msan,PAR,,,,A,N
97,тяжесть,течения,тяжесть,течение,Ncnsan,Ncnsgn,PAR,,,,A,Vn
98,течения,заболевания,течение,заболевание,Ncnsgn,Ncnsgn,PAR,,,,A,Vn
99,мужем,людмилы,муж,людмила,Ncmsiy,Npfsgy,KIN-SOC,,,,N,N
100,отбор,автомобилей,отбор,автомобиль,Ncmsan,Ncmpgn,OB,,,,Vt,N
101,имени,производителей,имя,производитель,Ncnsgn,Ncmpgy,POS,,,,N,Vt
102,папа,первоклассника,папа,первоклассник,Ncmsny,Nsmcgy,KIN-SOC,,,,N,N
103,ворот,соперника,ворота,соперник,Ncmpgn,Ncmsgy,POS,,,,N,Vn
104,лидер,боевиков,лидер,боевик,Ncmsny,Ncmpgy,MB,,,,N,N
105,гибели,садиста,гибель,садист,Ncfsgn,Ncmsgy,SPA,,,,Vn,N
106,здоровье,человека,здоровье,человек,Ncnsan,Ncmsgy,PAR,,,,A,N
107,мама,чемпиона,мама,чемпион,Ncfsny,Ncmsgy,KIN-SOC,,,,N,N
108,учеником,города,ученик,город,Ncmsiy,Ncmsgn,MB,,,,N,N
109,приятель,героя,приятель,герой,Ncmsny,Ncmsgy,KIN-SOC,,,,N,N
110,возбуждение,дела,возбуждение,дело,Ncnsan,Ncnsgn,OB,,,,Vt,N
111,соучастник,побега,соучастник,побег,Ncmsny,Ncmsgn,SAG,,,,Vn,N
112,норме,площади,норма,площадь,Ncnsdn,Ncfsgn,ATR,,,,A,N
113,родители,собственника,родитель,собственник,Ncmpny,Ncmsgy,KIN-SOC,,,,N,N
114,неисполнение,требований,неисполнение,требование,Ncnsan,Ncnpgn,OB,,,,Vt,Vt
115,благосклонностью,вора,благосклонность,вор,Ncfsin,Ncmsgy,PAR,,,,A,N
116,офис,агенства,офис,агенство,Ncmsan,Ncfsgn,POS,,,,N,N
117,заключение,договора,заключение,договор,Ncnsnn,Ncmsgn,OB,,,,Vt,Vn
118,город,проживания,город,проживание,Ncmsan,Ncnsgn,ATR,,,,N,Vn
119,место,работы,место,работа,Ncnsan,Ncfsgn,ATR,,,,N,Vn
120,знак,одобрения,знак,одобрение,Ncmsan,Ncnsgn,ATR,,,,N,Vt
121,одобрения,слов,одобрение,слово,Ncnsgn,Ncnpgn,OB,,,,Vt,N
122,пресс-секретарь,главы,пресс-секретарь,глава,Ncmsgy,Ncmsgy,KIN-SOC,,,,N,N
123,главы,правительства,глава,правительство,Ncmsgy,Ncnsgn,MB,,,,N,Vn
124,время,программы,время,программа,Ncnsan,Ncnsgn,ATR,,,,N,N
125,сын,наследника,сын,наследник,Ncmsny,Ncmsgy,KIN-SOC,,,,N,N
126,наследника,престола,наследник,престол,Ncmsgy,Ncmsgn,ATR,,,,N,N
127,строительства,дворца,строительство,дворец,Ncnsgn,Ncmsgn,OB,,,,Vt,N
128,установлении,навязывания,установление,навязывание,Ncnsin,Ncnsgn,OB,,,,Vt,Vt
129,невыгодность,условия,невыгодность,условие,Ncfsnn,Ncnsgn,PAR,,,,A,N
130,вице-президент,центра,вице-президент,центр,Ncfsnn,Ncnsgn,PAR,,,,A,N
131,центра,технологий,центр,технология,Ncmsny,Ncmsgn,MB,,,,N,N
132,помиловании,михаила,помилование,михаил,Ncnsln,Npmsgy,ATR,,,,N,N
133,правления,медведева,правление,медведев,Ncnsln,Npmsgy,OB,,,,Vt,N
134,срока,правления,срок,правление,Ncmsgn,Ncmsgy,SAG,,,,Vn,N
135,пагубности,застоя,пагубность,застой,Ncfsgn,Ncnsgn,ATR,,,,N,Vn
136,пользе,образования,польза,образование,Ncfsgn,Ncmsgn,PAR,,,,A,N
137,наступления,кризиса,наступление,кризис,Ncnsgn,Ncmsgn,PAR,,,,Vn,N
138,проведении,политики,проведение,политика,Ncnsgln,Ncfsgn,OB,,,,Vt,N
139,благах,роста,благо,рост,Ncfsnn,Ncmpgy,PAR,,,,A,Vn
140,полпред,президента,полпред,президент,Ncmsny,Ncmsgy,KIN-SOC,,,,Vt,N
141,президента,рф,президент,рф,Ncmsgy,Ncfsgn,MB,,,,N,N
142,характеристику,развития,характеристика,развитие,Ncfsdn,Ncnsgn,PAR,,,,A,Vn
143,развития,комплекса,развитие,комплекс,Ncnsgn,Ncmsgn,SPA,,,,Vn,N
144,церемонии,вручения,церемония,вручение,Ncfsln,Ncnsgn,ATR,,,,N,Vt
145,вручения,премий,вручение,премия,Ncnsgn,Ncfpgn,OB,,,,Vt,N
146,заместитель,председателя,заместитель,председатель,Ncmsny,Ncmsgy,KIN-SOC,,,,Vt,Vn
147,председателя,правительства,председатель,правительство,Ncmsgy,Ncnsgn,MB,,,,Vt,Vn
148,министр,экономики,министр,экономика,Ncmsny,Ncfsgn,ATR,,,,N,Vn
149,министр,образования,министр,образование,Ncmsny,Ncnsgn,ATR,,,,N,N
150,ректор,университета,ректор,университет,Ncmsny,Ncmsgn,MB,,,,N,Vt
151,поклонники,булкагова,поклонник,булкагов,Ncmpny,Npmsgy,KIN-SOC,,,,Vt,N
152,убийство,журавля,убийство,журавль,Ncnsan,Ncmsgy,OB,,,,Vt,N
153,действия,водителя,действие,водитель,Ncnpan,Ncmsgy,SAG,,,,Vn,Vn
154,особенностей,подростка,особенность,подросток,Ncfsgn,Ncmsgy,PAR,,,,A,N
155,машине,помощи,машина,помощь,Ncfsln,Ncfsgn,ATR,,,,N,N
156,враг,врага,враг,враг,Ncmsny,Ncmsgy,KIN-SOC,,,,N,Vt
157,премьер,рф,премьер,рф,Ncmsny,Ncfsgn,MB,,,,N,N
158,увольнения,чиновников,увольнение,чиновник,Ncnsgn,Ncmpgy,OB,,,,Vt,N
159,брат,форварда,брат,форвард,Ncmsny,Ncmsgy,KIN-SOC,,,,N,N
160,покровитель,ваенги,покровитель,ваенга,Ncmsny,Npfsgy,KIN-SOC,,,,Vt,Vn
161,состояние,мэра,состояние,мэр,Ncnsnn,Ncmsgy,PAR,,,,A,N
162,задержании,его,задержание,он,Ncnsln,P-3msgy,OB,,,,Vt,N
163,материалам,комиссии,материал,комиссия,Ncmpdn,Ncfsgn,POS,,,,N,N
164,реакцию,пассажира,реакция,пассажир,Ncfsan,Ncmsgy,SAG,,,,Vn,N
165,дверь,кабинета,дверь,кабинет,Ncfsan,Ncmsgn,WH,,,,N,N
166,кабинета,начальника,кабинет,начальник,Ncmsgn,Ncmsgy,POS,,,,N,N
167,образа,полковника,образ,полковник,Ncmsgn,Npmsgy,PAR,,,,A,Vn
168,вопросы,неравенста,вопрос,неравенст,Ncmpnn,Ncnsgn,ATR,,,,N,N
169,пример,человека,пример,человек,Ncmsnn,Ncmsgy,ATR,,,,N,N
170,возведением,недвижимости,возведение,недвижимость,Ncnsin,Ncfsgn,OB,,,,Vt,N
171,восстановление,сектора,восстановление,сектор,Ncnsan,Ncmsgn,OB,,,,Vt,N
172,доме,ребенка,дом,ребенок,Ncmsln,Ncmsgy,ATR,,,,N,N
173,труд,врача,труд,врач,Ncmsnn,Ncmsgy,SAG,,,,Vn,Vn
174,супруга,чемпиона,супруг,чемпион,Ncfsny,Ncmsgy,KIN-SOC,,,,N,N
175,член,комитета,член,комитет,Ncmsny,Ncmsgn,MB,,,,N,N
176,здоровья,человека,здоровье,человек,Ncnsgn,Ncmsgy,PAR,,,,A,N
177,распространении,клеветы,распространение,клевета,Ncnsgn,Ncfsgn,OB,,,,Vt,N
178,шафером,принца,шафер,принц,Ncmsiy,Ncmsgy,KIN-SOC,,,,N,N
179,юрист,партии,юрист,партия,Ncmsny,Ncfsgn,MB,,,,N,N
180,реализации,проекта,реализация,проект,Ncfsgn,Ncmsgn,OB,,,,Vt,N
181,проекта,национализации,проект,национализация,Ncmsgn,Ncfsgn,ATR,,,,N,N
182,вопрос,увеличения,вопрос,увеличение,Ncmsan,Ncnsgn,ATR,,,,N,Vn
183,увеличения,размера,увеличение,размер,Ncnsgn,Ncmsgn,OB,,,,Vt,N
184,размера,выплаты,размер,выплата,Ncmsgn,Ncfsgn,PAR,,,,A,Vt
185,заместитель,министра,заместитель,министр,Ncmsny,Ncmsgy,KIN-SOC,,,,Vt,N
186,переселение,объектов,переселение,объект,Ncnsan,Ncmpgn,OB,,,,Vt,N
187,объектов,назначения,объект,назначение,Ncmpgn,Ncnsgn,PAR,,,,N,Vt
188,решение,задач,решение,задача,Ncnsan,Ncfpgn,OB,,,,Vt,N
189,развитие,туризма,развитие,туризм,Ncnsan,Ncmsgn,SPA,,,,Vn,N
190,министра,развития,министр,развитие,Ncmsgy,Ncnsgn,ATR,,,,N,Vn
191,качествами,руководителя,качество,руководитель,Ncnpin,Ncmsgy,PAR,,,,A,N
192,глава,государства,глава,государство,Ncmsny,Ncnsgn,MB,,,,N,N
193,идею,неравенста,идея,неравенст,Ncfsan,Ncnsgn,ATR,,,,N,Vn
194,портрету,мздоимца,портрет,мздоимец,Ncmsdn,Ncmsgy,OB',,,,N,N
195,комбинат,хлебопродуктов,комбинат,хлебопродукт,Ncmsnn,Ncmpgn,ATR,,,,N,N
196,отставки,премьера,отставка,премьера,Ncfsgn,Ncmsgy,OB,,,,Vt,N
197,бог,сна,бог,сон,Ncmsny,Ncmsgn,ATR,,,,N,Vn
198,вирус,герпеса,вирус,герпес,Ncmsnn,Ncmsgn,ATR,,,,N,N
199,клетку,человека,клетка,человек,Ncfsan,Ncmsgy,WH,,,,N,N
200,ассистент,балетмейстера,ассистент,балетмейстер,Ncmsny,Ncmsgy,KIN-SOC,,,,Vt,N
201,балетмейстера,театра,балетмейстер,театр,Ncmsgy,Ncmsgn,MB,,,,N,N
202,театра,комедии,театр,комедия,Ncmsgn,Ncfsgn,ATR,,,,N,N
203,права,владелицы,право,владелица,Ncnpan,Ncfsgy,POS,,,,N,N
204,владелицы,авто,владелица,авто,Ncfsgy,Ncnsgn,POS,,,,N,N
205,характеры,принца,характер,принц,Ncmpan,Ncmsgy,PAR,,,,N,N
206,подготовке,статьи,подготовка,статья,Ncfskn,Ncfsgn,OB,,,,Vt,N
207,реформе,хозяйства,реформа,хозяйство,Ncfsln,Ncnsgn,OB,,,,Vt,N
208,участием,лыжника,участие,лыжник,Ncnsin,Ncmsgy,SAG,,,,Vn,N
209,хозяйства,области,хозяйство,область,Ncnsgn,Ncfsgn,POS,,,,N,N
210,сын,олигарха,сын,олигарх,Ncmsny,Ncmsgy,KIN-SOC,,,,N,N
211,восстание,рабов,восстание,раб,Ncnsan,Ncmpgy,SAG,,,,Vn,Vn
212,руководством,спартака,руководство,спартак,Ncnsin,Npmsgy,SAG,,,,Vn,N
213,репутацию,человека,репутация,человек,Ncfsan,Ncmsgy,ATR,,,,N,N
214,совращении,жрицы,совращение,жрица,Ncnsln,Ncfsgy,OB,,,,Vt,N
215,покупке,участка,покупка,участок,Ncfsln,Ncmsgn,OB,,,,Vt,N
216,защитой,капитана,защита,капитан,Ncfsin,Ncmsgy,OB,,,,Vt,N
217,мастерство,актера,мастерство,актер,Ncnsnn,Ncmsgy,PAR,,,,A,N
218,снимки,стороны,снимок,сторона,Ncmpnn,Ncfsgn,OB',,,,Vt,N
219,стороны,луны,сторона,луна,Ncfsgn,Ncfsgn,WH,,,,N,N
220,полет,женщины,полет,женщина,Ncmsnn,Ncmsgy,SAG,,,,Vn,N
221,выход,человека,выход,человек,Ncmsnn,Ncmsgy,SAG,,,,Vn,N
222,должность,шеф-повара,должность,шеф-повар,Ncfsan,Ncmsgy,ATR,,,,N,N
223,условиям,конкурса,условие,конкурс,Ncnpdn,Ncmsgn,PAR,,,,A,N
224,прохождении,конкурса,прохождение,конкурс,Ncnsln,Ncmsgn,OB,,,,Vt,N
225,подельники,вора,подельник,вор,Ncmpny,Ncmsgy,KIN-SOC,,,,Vt,N
226,открытость,частей,открытость,часть,Ncfsnn,Ncfpgn,PAR,,,,A,N
227,член,совета,член,совет,Ncmsny,Ncmsgn,MB,,,,N,N
228,президенте,рф,президент,рф,Ncmsly,Ncfsgn,MB,,,,N,N
229,институтов,общества,институт,общество,Ncmpgn,Ncnsgn,ATR,,,,N,Vn
230,правам,человека,право,человек,Ncnpdn,Ncmsgy,ATR,,,,N,N
231,защитник,отечества,защитник,отечество,Ncmsny,Ncnsgn,OB,,,,Vt,N
232,план,работы,план,работа,Ncmsan,Ncfsgn,ATR,,,,N,Vn
233,профессор,кафедры,профессор,кафедра,Ncmsny,Ncfsgn,MB,,,,N,N
234,кафедры,физиологии,кафедра,физиология,Ncfsgn,Ncfsgn,ATR,,,,N,N
235,физиологии,человека,физиология,человек,Ncfsgn,Ncmsgy,PAR,,,,A,N
236,кафедры,факультета,кафедра,факультет,Ncfsgn,Ncmsgn,WH,,,,N,N
237,факультета,мгу,факультет,мгу,Ncmsgn,Ncmsgn,WH,,,,N,N
238,величины,лотов,величина,лотовый,Ncfsgn,Ncmpgn,PAR,,,,A,N
239,идею,отмены,идея,отмена,Ncfsan,Ncfsgn,ATR,,,,N,N
240,отмены,выборов,отмена,выбор,Ncfsgn,Ncmpgn,OB,,,,Vt,N
241,выборов,мэра,выбор,мэр,Ncmpgn,Ncmsgy,OB,,,,Vt,Vn
242,мэра,владивостока,мэр,владивосток,Ncmsgy,Npmsgn,MB,,,,N,N
243,пикетом,протеста,пикет,протест,Ncmsin,Ncmsgn,ATR,,,,N,Vn
244,здания,думы,здание,дума,Ncnsgn,Ncfsgn,ATR,,,,N,Vn
245,степень,лояльности,степень,лояльность,Ncfsnn,Ncfsgn,PAR,,,,N,A
246,лояльности,арендодателя,лояльность,арендодатель,Ncfsgn,Ncmsgy,PAR,,,,A,N
247,собственник,бизнес-центра,собственник,бизнес-центр,Ncmsny,Ncmsgn,POS,,,,N,N
248,права,расторжения,право,расторжение,Ncnsgn,Ncnsgn,ATR,,,,N,N
249,регистрации,ребенка,регистрация,ребенок,Ncfsln,Ncmsgy,OB,,,,Vt,N
250,органах,загса,орган,загс,Ncmpln,Ncmsgn,WH,,,,N,N
251,получение,квартиры,получение,квартира,Ncnsan,Ncfsgn,OB,,,,Vt,Vn
252,губернатор,края,губернатор,край,Ncmsny,Ncmsgn,MB,,,,N,Vn
253,посещение,красноярска,посещение,красноярск,Ncnsnn,Ncmsgn,OB,,,,Vt,N
254,пресс-секретарь,премьера,пресс-секретарь,премьера,Ncmsny,Ncmsgy,KIN-SOC,,,,N,N
255,гендиректор,агенства,гендиректор,агенство,Ncmsny,Ncnsgn,MB,,,,N,N
256,агенства,недвижимости,агенство,недвижимость,Ncnsgn,Ncfsgn,ATR,,,,N,N
257,возведением,стен,возведение,стена,Ncnsin,Ncfpgn,OB,,,,Vt,N
258,историю,семьи,история,семья,Ncfsan,Ncfsgn,ATR,,,,N,N
259,срезе,войны,срез,война,Ncmsln,Ncfsgn,WH,,,,N,N
260,родителей,парня,родитель,парень,Ncmpay,Ncmsgy,KIN-SOC,,,,N,N
261,комитет,нацбезопасности,комитет,нацбезопасность,Ncmsan,Ncfsgn,ATR,,,,N,N
262,отказ,москвы,отказ,москва,Ncmsnn,Ncfsgn,SAG,,,,Vn,N
263,отставку,максюты,отставка,максюта,Ncfsan,Npmsgy,OB,,,,Vt,N
264,поста,члена,пост,член,Ncmsgn,Ncmsgy,ATR,,,,N,N
265,члена,совета,член,совет,Ncmsgy,Ncmsgn,MB,,,,N,N
266,партии,зюганова,партия,зюганов,Ncfsln,Npmsgy,MB,,,,N,N
267,список,кпрф,список,кпрф,Ncmsan,Ncfsgn,ATR,,,,N,N
268,пол,ребенка,половина,ребенок,Ncmsan,Ncmsgy,PAR,,,,N,N
269,возрастом,женщины,возраст,женщина,Ncmsin,Ncfsgy,PAR,,,,N,N
270,место,происшествия,место,происшествие,Ncnsan,Ncnsgn,ATR,,,,Vt,N
271,заместитель,прокурора,заместитель,прокурор,Ncmsny,Ncmsgy,KIN-SOC,,,,N,N
272,прокурора,рф,прокурор,рф,Ncmsgy,Ncfsgn,MB,,,,A,N
273,зависимость,художника,зависимость,художник,Ncfsnn,Ncmsgy,ATR,,,,Vn,Vn
274,развития,капитализма,развитие,капитализм,Ncnsgn,Ncmsgn,SPA,,,,Vn,Vn
275,роста,класса,рост,класс,Ncmsgn,Ncmsgn,SPA,,,,N,N
276,класса,буржуазии,класс,буржуазия,Ncmsgn,Ncfsgn,ATR,,,,N,N
277,глава,государства,глава,государство,Ncmsny,Ncnsgn,MB,,,,N,N
278,уровень,конкуренции,уровень,конкуренция,Ncmsan,Ncfsgn,PAR,,,,N,N
279,роль,наблюдателя,роль,наблюдатель,Ncfsnn,Ncmsgy,ATR,,,,Vt,A
280,совершенствование,эффективности,совершенствование,эффективность,Ncnsan,Ncfsgn,OB,,,,A,Vn
281,эффективности,работы,эффективность,работа,Ncfsgn,Ncfsgn,PAR,,,,Vn,N
282,работы,гэс,работа,гэс,Ncfsgn,Ncfsgn,SAG,,,,N,N
283,отдела,развития,отдел,развитие,Ncmsgn,Ncnsgn,ATR,,,,N,Vn
284,специалист,отдела,специалист,отдел,Ncmsny,Ncmsgn,MB,,,,Vt,N
285,обладатель,кубка,обладатель,кубок,Ncmsny,Ncmsgn,POS,,,,N,N
286,выборе,эмитента,выбор,эмитент,Ncmsln,Ncmsgy,OB,,,,Vt,N
287,продолжительность,периода,продолжительность,период,Ncfsan,Ncmsgn,PAR,,,,Vt,N
288,чувство,неловкости,чувство,неловкость,Ncnsnn,Ncfsgn,ATR,,,,N,N
289,достижение,короля,достижение,король,Ncnsnn,Ncmsgy,SAG,,,,N,N
290,джип,маршала,джип,маршал,Ncmsnn,Ncmsgy,POS,,,,Vt,Vt
291,удаления,полузащитника,удаление,полузащитник,Ncnsgn,Ncmsgn,OB,,,,N,N
292,правоту,решения,правота,решение,Ncfsan,Ncnsgn,PAR,,,,Vt,N
293,тренер,фк,тренер,фк,Ncmsny,Ncfsnn,OB',,,,N,N
294,регулирование,тарифов,регулирование,тариф,Ncnsnn,Ncmpgn,OB,,,,N,N
295,компетенции,властей,компетенция,власть,Ncfsdn,Ncfpgn,PAR,,,,N,N
296,моделирование,ситуации,моделирование,ситуация,Ncnsnn,Ncfsgn,OB,,,,Vt,N
297,ситуации,перехода,ситуация,переход,Ncfsgn,Ncmsgn,ATR,,,,N,N
298,методом,гипокинезии,метод,гипокинезия,Ncmsin,Ncfsgn,ATR,,,,A,Vt
299,программе,исследований,программа,исследование,Ncfsdn,Ncnpgn,ATR,,,,N,N
300,реализации,устройств,реализация,устройство,Ncfsln,Ncnpgn,OB,,,,N,N
301,целью,использования,цель,использование,Ncfsin,Ncnsgn,ATR,,,,A,Vt
302,мать,ученого,мать,ученый,Ncfsny,Ncmsgy,KIN-SOC,,,,N,N
303,нужды,человека,нужда,человек,Ncfpnn,Ncmsgy,SPA,,,,A,Vt
304,удовлетворения,потребности,удовлетворение,потребность,Ncnsgn,Ncfsgn,OB,,,,Vt,N
305,проводник,помощи,проводник,помощь,Ncmsny,Ncfsgn,OB',,,,N,N
306,измены,мужа,измена,муж,Ncfsgn,Ncmsgy,SAG,,,,Vt,N
307,почве,измены,почва,измена,Ncfsln,Ncfsgn,ATR,,,,Vt,N
308,использование,материалов,использование,материал,Ncnsan,Ncmpgn,OB,,,,Vt,N
309,нарушение,процедуры,нарушение,процедура,Ncnsnn,Ncfsgn,OB,,,,Vt,N
310,процедуры,проведения,процедура,проведение,Ncfsgn,Ncnsgn,ATR,,,,Vn,N
311,проведения,егэ,проведение,егэ,Ncnsgn,Ncmsgn,OB,,,,N,N
312,способностях,психолога,способность,психолог,Ncfpln,Ncmsgy,ATR,,,,Vt,N
313,остатки,мира,остаток,мир,Ncmpan,Ncmsgn,WH,,,,N,N
314,духе,оперы,дух,опера,Ncmsln,Ncfsgn,ATR,,,,Vt,N
315,продвижение,продукта,продвижение,продукт,Ncnsan,Ncmsgn,OB,,,,Vt,N
316,протекция,супруги,протекция,супруга,Ncfsnn,Ncfsgy,SAG,,,,Vn,N
317,супруги,главы,супруга,глава,Ncfsnn,Ncmsgy,KIN-SOC,,,,Vn,N
318,главы,государства,глава,государство,Ncmsgy,Ncnsgn,MB,,,,N,N
319,причиной,награждения,причина,награждение,Ncfsin,Ncnsgn,ATR,,,,Vt,Vn
320,награждения,михайлова,награждение,михайлов,Ncnsgn,Npmsgy,OB,,,,N,N
321,развития,образования,развитие,образование,Ncnsgn,Ncnsgn,SPA,,,,N,N
322,повышения,престижа,повышение,престиж,Ncnsgn,Ncmsgn,SPA,,,,Vn,N
323,престижа,профессии,престиж,профессия,Ncmsgn,Ncfsgn,PAR,,,,Vt,N
324,изгнанию,дьявола,изгнание,дьявол,Ncnsdn,Ncmsgy,OB,,,,Vt,N
325,вес,ведра,вес,ведро,Ncmsnn,Ncnsgn,PAR,,,,N,N
326,сайте,бизнесмена,сайт,бизнесмен,Ncmsln,Ncmsgy,POS,,,,N,N
327,манера,поведения,манер,поведение,Ncfsnn,Ncnsgn,ATR,,,,N,N
328,поведения,саркози,поведение,саркози,Ncnsgn,Npmsny,SAG,,,,Vt,Vt
329,происхождением,главы,происхождение,глава,Ncnsin,Ncmsgy,SPA,,,,N,N
330,главы,государства,глава,государство,Ncmsgy,Ncnsgn,MB,,,,Vt,N
331,типу,наблюдения,тип,наблюдение,Ncmsdn,Ncnsgn,PAR,,,,N,N
332,назначения,лечения,назначение,лечение,Ncnsgn,Ncnsgn,OB,,,,Vt,N
333,объема,информации,объем,информация,Ncmsgn,Ncfsgn,PAR,,,,Vt,N
334,коллеги,вдовца,коллега,вдовец,Nccpny,Ncmsgy,KIN-SOC,,,,Vt,N
335,графики,ремонта,графика,ремонт,Ncmpan,Ncmsgn,ATR,,,,Vt,Vt
336,ремонта,оборудования,ремонт,оборудование,Ncmsgn,Ncnsgn,OB,,,,N,N
337,перетоки,мощностей,переток,мощность,Ncfsgn,Ncfpgn,SPA,,,,Vn,Vt
338,недостатке,мощности,недостаток,мощность,Ncmsln,Ncfsgn,SPA,,,,Vn,Vt
339,способ,наказания,способ,наказание,Ncmsan,Ncnsgn,ATR,,,,Vt,N
340,наказания,человека,наказание,человек,Ncnsgn,Ncmsgy,OB,,,,Vn,N
341,постели,больного,постель,больной,Ncfsgn,Ncmsgy,POS,,,,N,N
342,эксперта,центра,эксперт,центр,Ncmsgy,Ncmsgn,MB,,,,Vn,N
343,представитель,администрации,представитель,администрация,Ncmsnny,Ncfsgn,MB,,,,N,N
344,администрации,президента,администрация,президент,Ncfsgn,Ncmsgy,ATR,,,,Vt,N
345,президента,рф,президент,рф,Ncmsgy,Npfsgn,MB,,,,N,N
346,принятия,указа,принятие,указ,Ncfsgn,Ncmsgn,OB,,,,N,N
347,недостатки,оказания,недостаток,оказание,Ncmpnn,Ncmpnn,PAR,,,,Vt,Vt
348,оказания,медпомощи,оказание,медпомощь,Ncnsgn,Ncfsgn,OB,,,,Vt,N
349,палату,терапии,палата,терапия,Ncfsan,Ncfsgn,ATR,,,,Vn,Vn
350,защиты,мозга,защита,мозг,Ncfsgn,Ncmsgn,OB,,,,N,N
351,часть,вычета,часть,вычет,Ncfsan,Ncmsgn,WH,,,,N,N
352,долю,ребенка,доля,ребенок,Ncfsan,Ncmsgy,POS,,,,N,N
353,выработку,кислоты,выработка,кислота,Ncfsan,Ncfsgn,OB,,,,Vt,Vt
354,сферу,отношений,сфера,отношение,Ncfsan,Ncnpgn,ATR,,,,N,N
355,репутацию,администратора,репутация,администратор,Ncfsan,Ncmsgy,ATR,,,,Vn,N
356,опыт,работы,опыт,работа,Ncmsan,Ncfsgn,ATR,,,,Vt,N
357,собственников,компании,собственник,компания,Ncmpgy,Ncfsgn,POS,,,,A,Vt
358,представитель,президента,представитель,президент,Ncmsny,Ncmsgy,KIN-SOC,,,,Vt,N
359,рейтинг,медиаактивности,рейтинг,медиаактивность,Ncmsan,Ncfsgn,ATR,,,,Vt,N
360,адвокат,летчика,адвокат,летчик,Ncmsny,Ncmsgy,KIN-SOC,,,,N,N
361,оглашения,приговора,оглашение,приговор,Ncnsgn,Ncmsgn,OB,,,,Vt,N
362,заседании,коллегии,заседание,коллегия,Ncnsln,Ncfsgn,SAG,,,,Vn,N
363,коллегии,рыболовства,коллегия,рыболовство,Ncfsgn,Ncnsgn,ATR,,,,Vt,N
364,заместитель,председателя,заместитель,председатель,Ncmsny,Ncmsgn,KIN-SOC,,,,Vt,N
365,председателя,правительства,председатель,правительство,Ncmsgy,Ncnsgn,MB,,,,Vt,N
366,проблемам,рынка,проблема,рынок,Ncfpdn,Ncnsgn,ATR,,,,N,N
367,рынка,продукции,рынок,продукция,Ncmsgn,Ncfsgn,ATR,,,,N,N
368,грех,родителей,грех,родитель,Ncmsan,Ncmpgy,SAG,,,,Vt,Vt
369,первенца,адама,первенец,адам,Ncmsgy,Npmsgy,KIN-SOC,,,,Vt,N
370,вопросам,обеспечения,вопрос,обеспечение,Ncmpdn,Ncnsgn,ATR,,,,Vt,A
371,обеспечения,безопасности,обеспечение,безопасность,Ncnsgn,Ncfsgn,OB,,,,A,Vn
372,возбудителя,колебаний,возбудитель,колебание,Ncmsgy,Ncnpgn,OB',,,,Vn,N
373,воспитанник,тренера,воспитанник,тренер,Ncmsny,Ncmsgy,OB',,,,Vt,Vn
374,арест,основателя,арест,основатель,Ncmsan,Ncmsgy,OB,,,,N,N
375,основателя,wikileaks,основатель,wikileaks,Ncmsgy,Npfsgn,OB',,,,N,N
376,изнасиловании,шведок,изнасилование,шведка,Ncnsln,Ncfpgy,OB,,,,N,N
377,коэффициент,конверсии,коэффициент,конверсия,Ncmsnn,Ncfsgn,PAR,,,,A,N
378,цена,контакта,цена,контакт,Ncfsnn,Ncmsgn,PAR,,,,A,Vn
379,стоимость,привлечения,стоимость,привлечение,Ncfsnn,Ncnsgn,PAR,,,,A,Vn
380,совладелец,sms media,совладелец,sms media,Ncmsny,Npfsgn,POS,,,,N,N
381,привлечения,клиента,привлечение,клиент,Ncfsgn,Ncmsgy,OB,,,,Vt,N
382,инициаторами,поправок,инициатор,поправка,Ncmpiy,Ncfpgn,OB',,,,N,Vt
383,участника,совета,участник,совет,Ncmsgy,Ncmsgn,MB,,,,N,N
384,профилактики,законодательства,профилактика,законодательство,Ncfsgn,Ncnsgn,OB,,,,N,Vn
385,категориям,граждан,категория,гражданин,Ncfpdn,Ncmpgy,PAR,,,,N,N
386,назначении,сенатора,назначение,сенатор,Ncnsgn,Ncmsgy,OB,,,,Vn,N
387,рассмотрение,собрания,рассмотрение,собрание,Ncnsan,Ncnsgn,SAG,,,,A,N
388,проект,бюджета,проект,бюджет,Ncnsan,Ncmsgn,ATR,,,,N,N
389,ведущего,церемонии,ведущий,церемония,Ncmsan,Ncfsgn,OB',,,,N,N
390,церемонии,бракосочетания,церемония,бракосочетание,Ncfsgn,Ncnsgn,ATR,,,,N,N
391,минуты,молчания,минута,молчание,Ncfsgn,Ncnsgn,ATR,,,,Vt,N
392,брата,убийцы,брат,убийца,Ncmsgn,Nccsgy,KIN-SOC,,,,Vn,N
393,количество,зрителей,количество,зритель,Ncnsnn,Ncmpgy,PAR,,,,A,N
394,друг,борца,друг,борец,Ncmsny,Ncmsgy,KIN-SOC,,,,N,N
395,центр,подготовки,центр,подготовка,Ncnsan,Ncfsgn,ATR,,,,Vt,Vt
396,дочери,секретаря,дочь,секретарь,Ncfsln,Ncmsgy,KIN-SOC,,,,A,N
397,секретаря,цк,секретарь,цк,Ncmsgy,Ncmsgn,MB,,,,N,N
398,типов,сделок,тип,сделка,Ncmpgn,Ncfpgn,PAR,,,,Vt,Vn
399,истории,агента,история,агент,Ncfsgn,Ncmsgy,ATR,,,,N,Vn
400,типе,учителя,тип,учитель,Ncmsgn,Ncmsgy,PAR,,,,N,Vn
401,основатель,гимназии,основатель,гимназия,Ncmsny,Ncfsgn,OB',,,,N,Vt
402,страхование,имущества,страхование,имущество,Ncnsan,Ncnsnn,OB,,,,Vt,N
403,заместитель,гендиректора,заместитель,гендиректор,Ncmsny,Ncmsgy,KIN-SOC,,,,N,N
404,помощник,прокурора,помощник,прокурор,Ncmsny,Ncmsgy,KIN-SOC,,,,N,Vn
405,методе,мошенничества,метод,мошенничество,Ncmsgn,Ncnsgn,ATR,,,,N,N
406,оказании,услуг,оказание,услуга,Ncnsnn,Ncfpgn,OB,,,,N,N
407,перепродаже,лекарств,перепродажа,лекарство,Ncfsgn,Ncnpgn,OB,,,,N,N
408,прорыве,блокады,прорыв,блокада,Ncmsln,Ncfsgn,OB,,,,Vt,N
409,блокады,ленинграда,блокада,ленинград,Ncfsgn,Npmsgn,OB,,,,Vt,Vt
410,введении,ответственности,введение,ответственность,Ncnsln,Ncfsgn,OB,,,,A,N
411,перестройки,игры,перестройка,игра,Ncfsgn,Ncfsgn,OB,,,,A,N
412,органам,власти,орган,власть,Ncmpdn,Ncgsgn,WH,,,,N,N
413,момент,введения,момент,введение,Ncmsan,Ncnsgn,ATR,,,,N,N
414,введения,системы,введение,система,Ncnsgn,Ncfsgn,OB,,,,Vt,N
415,системы,оплаты,система,оплата,Ncfsgn,Ncfsgn,ATR,,,,Vn,N
416,оплаты,труда,оплата,труд,Ncfsgn,Ncmsgn,OB,,,,N,Vn
417,руководитель,театра,руководитель,театр,Ncmsny,Ncmsgn,OB',,,,A,N
418,бразды,правления,бразда,правление,Ncfpan,Ncnsgn,ATR,,,,Vn,N
419,повышения,акциза,повышение,акциз,Ncnsgn,Ncmsgn,OB,,,,Vt,N
420,создание,атмосферы,создание,атмосфера,Ncnsan,Ncfsgn,OB,,,,A,Vn
421,изложение,пьесы,изложение,пьеса,Ncnsnn,Ncfsgn,OB,,,,Vt,N
422,ощущение,наслаждения,ощущение,наслаждение,Ncnsan,Ncnsgn,ATR,,,,N,N
423,сопротивление,земляка,сопротивление,земляк,Ncnsan,Ncmsgn,SAG,,,,A,Vn
424,переходом,россиянки,переход,россиянка,Ncmsin,Ncfsgy,SAG,,,,Vn,N
425,президента,федерации,президент,федерация,Ncmsgy,Ncfsgn,MB,,,,N,Vt
426,отбор,идей,отбор,идея,Ncmsnn,Ncfpgn,OB,,,,Vt,N
427,выделении,финансирования,выделение,финансирование,Ncnsgn,Ncnsgn,OB,,,,Vt,Vn
428,уборке,казарм,уборка,казарма,Ncfsln,Ncfpgn,OB,,,,Vt,Vn
429,часть,культуры,часть,культура,Ncfsan,Ncfsgn,WH,,,,N,Vn
430,снятия,скакуна,снятие,скакун,Ncnsgn,Ncmsgy,OB,,,,N,N
431,схему,организации,схема,организация,Ncfsan,Ncfsgn,ATR,,,,N,Vt
432,организации,работ,организация,работа,Ncfsgn,Ncfpgn,OB,,,,Vt,N
433,замещение,частей,замещение,часть,Ncnsan,Ncfpdn,OB,,,,Vt,N
434,частей,моста,часть,мост,Ncfpgn,Ncmsgn,WH,,,,Vn,Vn
435,фоторобот,преступника,фоторобот,преступник,Ncmsan,Ncmsgy,OB',,,,A,N
436,проведение,пресс-конференции,проведение,пресс-конференция,Ncnsnn,Ncfsgn,OB,,,,N,N
437,магистр,ордена,магистр,орден,Ncmsny,Ncmsgy,MB,,,,N,Vt
438,милости,императора,милость,император,Ncfsdn,Ncmsgy,SAG,,,,N,N
439,бегстве,президента,бегство,президент,Ncnsln,Ncmsgy,SAG,,,,Vt,N
440,продажа,услуг,продажа,услуга,Ncfsnn,Ncfpgn,OB,,,,N,N
441,основа,деятельности,основа,деятельность,Ncfsnn,Ncfsgn,ATR,,,,Vt,Vn
442,бабка,мальчика,бабка,мальчик,Ncfsny,Ncmsgy,KIN-SOC,,,,A,N
443,стекло,окна,стекло,окно,Ncnsan,Ncnsgn,WH,,,,Vt,N
444,просмотр,видеозаписей,просмотр,видеозапись,Ncmsan,Ncfpgn,OB,,,,N,N
445,качества,обслуживания,качество,обслуживание,Ncnsgn,Ncnsgn,PAR,,,,Vn,N
446,численность,беляка,численность,беляк,Ncfsnn,Ncmsgy,PAR,,,,N,N
447,ящике,стола,ящик,стол,Ncmsln,Ncmsgn,WH,,,,N,N
448,вручение,пеликана,вручение,пеликан,Ncnsnn,Ncmsgy,OB,,,,A,Vn
449,зале,планетария,зал,планетарий,Ncmsln,Ncmsgn,WH,,,,N,N
450,дознаватель,овд,дознаватель,овд,Ncmsny,Ncmpgn,MB,,,,N,N
451,получения,показаний,получение,показание,Ncnsgn,Ncnpgn,OB,,,,Vt,N
452,помещении,овд,помещение,овд,Ncnsln,Ncmpgn,WH,,,,Vt,N
453,старания,парикмахера,старание,парикмахер,Ncnpan,Ncmsgy,SAG,,,,N,N
454,информированию,избирателей,информирование,избиратель,Ncnsdn,Ncmpgy,OB,,,,Vn,Vn
455,разрешению,споров,разрешение,спор,Ncnsdn,Ncmpgn,OB,,,,N,N
456,представителями,партий,представитель,партия,Ncmsiy,Ncfpgn,MB,,,,N,N
457,служении,протоиерея,служение,протоиерей,Ncnsln,Ncmsgy,SAG,,,,A,N
458,представлении,начальника,представление,начальник,Ncnsln,Ncmsgy,OB,,,,Vt,N
459,вынесения,постановления,вынесение,постановление,Ncnsgn,Ncnsgn,OB,,,,N,N
460,употреблению,алкоголя,употребление,алкоголь,Ncnnsdn,Ncmsgn,OB,,,,N,N
461,бога,медицины,бог,медицина,Ncmsgy,Ncfsgn,ATR,,,,Vt,N
462,руководитель,группы,руководитель,группа,Ncmsny,Ncfsgn,OB',,,,N,N
463,заместитель,прокурора,заместитель,прокурор,Ncmsny,Ncmsgy,KIN-SOC,,,,N,Vn
464,неподчинении,окружающих,неподчинение,окружающий,Ncnsln,Ncmpgy,SAG,,,,Vt,N
465,сказочность,героя,сказочность,герой,Ncfsan,Ncmsgy,PAR,,,,A,Vt
466,деятельности,органа,деятельность,орган,Ncnsln,Ncmsgn,SAG,,,,Vt,N
467,органа,самоуправления,орган,самоуправление,Ncmsgn,Ncfsgn,ATR,,,,Vt,N
468,показателей,эффективности,показатель,эффективность,Ncmpgn,Nccfsgn,PAR,,,,N,Vt
469,эффективности,деятельности,эффективность,деятельность,Ncfsgn,Ncfsgn,PAR,,,,Vt,N
470,деятельности,руководителя,деятельность,руководитель,Ncfsgn,Ncmsgy,SAG,,,,Vn,N
471,корреспондент,"""коммерсанта""",корреспондент,коммерсант,Ncmsny,Ncmsgn,MB,,,,N,Vn
472,уровне,правительства,уровень,правительство,Ncmsgn,Ncnsgn,ATR,,,,A,N
473,поиском,инвестора,поиск,инвестор,Ncmsin,Ncmsgy,OB,,,,N,N
474,обороноспособность,государства,обороноспособность,государство,Ncnsan,Ncnsgn,PAR,,,,N,Vn
475,глубины,осмотра,глубина,осмотр,Ncfsgn,Ncmsgn,PAR,,,,N,N
476,вратарь,сборной,вратарь,сборная,Ncmsny,Ncfsgn,MB,,,,N,N
477,игру,вратаря,игра,вратарь,Ncfsan,Ncmsgy,SAG,,,,Vt,N
478,управления,роспотребнадзора,управление,роспотребнадзор,Ncnsgn,Ncmsgn,OB',,,,N,Vn
479,проверки,супермаркетов,проверка,супермаркет,Ncfpan,Ncmpgn,OB,,,,N,N
480,содержании,йода,содержание,йод,Ncnsgn,Ncmsgn,PAR,,,,N,N
481,подвиг,земляка,подвиг,земляк,Ncmsan,Ncmsgy,SAG,,,,Vt,N
482,награждению,победителей,награждение,победитель,Ncnsdn,Ncmpgy,OB,,,,N,N
483,агент,радулова,агент,радулов,Ncmsny,Npmsgy,KIN-SOC,,,,N,N
484,соперник,армейцев,соперник,армеец,Ncmsny,Ncmpgy,KIN-SOC,,,,N,N
485,командир,"""зубра""",командир,зубр,Ncmsny,Ncmsgn,MB,,,,N,N
486,преимуществах,омона,преимущество,омон,Ncnpln,Ncmsgn,PAR,,,,N,N
487,нанимателем,помещения,наниматель,помещение,Ncmsiy,Ncnsgn,OB',,,,Vt,N
488,наймодателем,помещения,наймодатель,помещение,Ncmsiy,Ncnsgn,OB',,,,Vt,N
489,модернизации,гтс,модернизация,гтс,Ncfsln,Ncfsgn,OB,,,,Vn,N
490,сопредседателя,партии,сопредседатель,партия,Ncmsgy,Ncfsgn,MB,,,,N,N
491,структуру,управления,структура,управление,Ncfsan,Ncnsgn,PAR,,,,N,N
492,самоконтроле,режиссеров,самоконтроль,режиссер,Ncmsln,Ncmpgy,SAG,,,,Vn,Vn
493,председателя,кгб,председатель,кгб,Ncmsgy,Ncmsgn,MB,,,,Vn,N
494,врач,певца,врач,певец,Ncmsny,Ncmsgy,OB',,,,N,N
495,внучка,хана,внучка,хан,Ncfsny,Npmsgy,KIN-SOC,,,,Vt,N
496,использование,силы,использование,сила,Ncnsan,Ncfsgn,OB,,,,Vt,N
497,открытость,работы,открытость,работа,Ncfsgn,Ncfsgn,PAR,,,,Vt,N
498,реализацию,проекта,реализация,проект,Ncfsan,Ncmsgn,OB,,,,A,N
499,костюме,снегурочки,костюм,снегурочка,Ncmsln,Npfsgy,ATR,,,,Vt,N
500,правоту,стороны,правота,сторона,Ncfsan,Ncfsgn,PAR,,,,N,N
501,стоимость,путевки,стоимость,путевка,Ncfsnn,Ncfsgn,PAR,,,,Vn,N
502,неисполнение,условий,неисполнение,условие,Ncnsan,Ncnpgn,OB,,,,Vn,N
503,проведения,визита,проведение,визит,Ncnsgn,Ncmsgn,OB,,,,N,N
504,куплей-продажей,земли,купля-продажа,земля,Ncfsin,Ncfsgn,OB,,,,A,N
505,передаче,части,передача,часть,Ncfsgn,Ncfsgn,OB,,,,Vt,N
506,части,построек,часть,постройка,Ncfsgn,Ncfpgn,WH,,,,Vt,N
507,построек,ответчика,постройка,ответчик,Ncfpgn,Ncmsgy,POS,,,,A,N
508,холле,травмпункта,холл,травмпункт,Ncmsln,Ncmsgn,WH,,,,N,N
509,проведения,сделок,проведение,сделка,Ncnsgn,Ncfpgn,OB,,,,N,N
510,лидер,меньшинства,лидер,меньшинство,Ncmsny,Ncnsgn,MB,,,,N,Vn
511,решение,проблем,решение,проблема,Ncnsan,Ncfpgn,OB,,,,N,N
512,размеры,пособий,размер,пособие,Ncmpnn,Ncnpgn,PAR,,,,Vt,N
513,принятии,сотрудника,принятие,сотрудник,Ncnsgn,Ncmsgy,OB,,,,N,Vn
514,сроком,реализации,срок,реализация,Ncmsin,Ncfsgn,PAR,,,,N,N
515,хозяина,столовой,хозяин,столовая,Ncmsgy,Ncfsgn,POS,,,,N,N
516,сцене,центра,сцена,центр,Ncfsln,Ncmsgn,WH,,,,A,N
517,поимки,преступника,поимка,преступник,Ncfsgn,Ncmsgy,OB,,,,N,N
518,кидании,гранат,кидание,гранат,Ncnsln,Ncfpgn,OB,,,,N,N
519,восприятие,пациента,восприятие,пациент,Ncnsan,Ncmsgy,PAR,,,,A,N
520,характер,недуга,характер,недуг,Ncmsan,Ncmsgy,PAR,,,,N,N
521,преемник,зоолога,преемник,зоолог,Ncmsny,Ncmsgy,KIN-SOC,,,,Vt,N
522,основатель,науки,основатель,наука,Ncmsny,Ncfsgy,OB',,,,Vt,Vn
523,выступление,лыжников,выступление,лыжник,Ncnsnn,Ncmpgy,SAG,,,,N,N
524,министра,спорта,министр,спорт,Ncmsgy,Ncmsgn,ATR,,,,N,Vn
525,сестра,человека,сестра,человек,Ncfsny,Ncmsgy,KIN-SOC,,,,N,Vn
526,телом,души,тело,душа,Ncfsin,Ncmsgy,PAR,,,,N,A
527,брат,пушкина,брат,пушкин,Ncmsny,Npmsgy,KIN-SOC,,,,A,N
528,уход,крутикова,уход,крутиков,Ncmsan,Ncmsgy,SAG,,,,N,N
529,командир,экипажа,командир,экипаж,Ncmsny,Ncmsgn,MB,,,,N,N
530,введении,ценза,введение,ценз,Ncnsln,Ncmsgn,OB,,,,Vt,N
531,количество,участников,количество,участник,Ncnsan,Ncmpgy,PAR,,,,N,N
532,числа,операторов,число,оператор,Ncnsgn,Ncmpgy,PAR,,,,Vt,Vn
533,сокращения,числа,сокращение,число,Ncnsgn,Ncnsgn,OB,,,,N,Vn
534,наведения,порядка,наведение,порядок,Ncnsgn,Ncmsgn,OB,,,,Vt,N
535,сборе,подписей,сбор,подпись,Ncmsln,Ncfpgn,OB,,,,N,N
536,ведения,боя,ведение,бой,Ncnsgn,Ncmsgn,OB,,,,N,N
537,потере,времени,потеря,время,Ncfsln,Ncnsgn,OB,,,,N,N
538,прекращение,насилия,прекращение,насилие,Ncnsnn,Ncnsgn,OB,,,,Vt,N
539,член,союза,член,союз,Ncmsny,Ncmsgn,MB,,,,N,N
540,ректор,академии,ректор,академия,Ncmsny,Ncfsgm,MB,,,,N,N
541,член-корреспондент,академии,член-корреспондент,академия,Ncmsny,Ncfsgm,MB,,,,N,N
542,устроителя,лагерей,устроитель,лагерь,Ncmsay,Ncmpgn,OB,,,,N,N
543,лаборатория,подрядчика,лаборатория,подрядчик,Ncfsnn,Ncmsgy,POS,,,,Vn,N
544,заседаниях,штаба,заседание,штаб,Ncnspln,Ncmsgn,SAG,,,,Vt,N
545,сооружению,перехода,сооружение,переход,Ncnsdn,Ncmsgn,OB,,,,N,N
546,строительство,конструктивов,строительство,конструктив,Ncnsnn,Ncmpgn,OB,,,,N,N
547,конструктивов,объекта,конструктив,объект,Ncmpgn,Ncmsgn,WH,,,,N,N
548,участия,танка,участие,танк,Ncnsgn,Ncmsgn,SAG,,,,N,N
549,поддержку,владимира,поддержка,владимир,Ncnsan,Npmsgy,OB,,,,N,N
550,внучка,художника,внучка,художник,Ncfsny,Ncmsgy,KIN-SOC,,,,N,N
551,поддержке,друзей,поддержка,друг,Ncfsln,ncmpgy,SAG,,,,Vt,N
552,друзей,семьи,друг,семья,Ncmpgy,Ncfsgy,KIN-SOC,,,,N,N
553,член,центризбиркома,член,центризбирком,Ncmsny,Ncmsgn,MB,,,,A,N
554,выдвижение,явлинского,выдвижение,явлинский,Ncnsan,Npmsgy,OB,,,,Vn,Vn
555,симптомы,болезни,симптом,болезнь,Ncmpan,Ncfsgn,PAR,,,,Vn,Vn
556,цена,присоединения,цена,присоединение,Ncfsnn,Ncnsgn,PAR,,,,N,N
557,предсказания,пузыря,предсказание,пузырь,Ncnpan,Ncmsgn,OB,,,,N,N
558,преподаватель,немецкого,преподаватель,немецкий,Ncmsny,Ncmsgn,OB',,,,N,N
559,председатель,комиссии,председатель,комиссия,Ncmsny,Ncfsgn,MB,,,,N,N
560,основания,города,основание,город,Ncnsgn,Ncmsgn,OB,,,,Vt,A
561,визит,патриарха,визит,патриарх,Ncmsnn,Ncmsgy,SAG,,,,A,Vn
562,ремонт,дорог,ремонт,дорога,Ncmsan,Ncfpgn,OB,,,,Vn,N
563,собственности,иркутска,собственность,иркутск,Ncfsgn,Ncmsgn,POS,,,,N,N
564,председатель,центра,председатель,центр,Ncmsny,Ncmsgn,MB,,,,N,Vn
565,аналитик,центра,аналитик,центр,Ncmsny,Ncmsgn,MB,,,,Vt,N
566,центра,исследований,центр,исследование,Ncmsgn,Ncnpgn,ATR,,,,N,N
567,покорителя,вершин,покоритель,вершина,Ncmsny,Ncfsgn,OB,,,,Vt,N
568,расширении,функций,расширение,функция,Ncnsgn,Ncfpgn,OB,,,,Vt,N
569,функций,совета,функция,совет,Ncfpgn,Ncmsgn,PAR,,,,N,N
570,жест,предшественника,жест,предшественник,Ncmsan,Ncmsgy,PAR,,,,N,N
571,защиты,автомобилистов,защита,автомобилист,Ncfsgn,Ncmpgy,OB,,,,Vt,Vt
572,участии,отца,участие,отец,Ncnsln,Ncmsgy,SAG,,,,N,N
573,изъятию,ценностей,изъятие,ценность,Ncnsdn,Ncfpgn,OB,,,,Vt,N
574,применения,коэффициента,применение,коэффициент,Ncnsgn,Ncmsgn,OB,,,,N,N
575,объему,сжигания,объем,сжигание,Ncmsdn,Ncnsgn,PAR,,,,N,N
576,сжигания,пнг,сжигание,пнг,Ncnsgn,Ncmsgn,OB,,,,N,N
577,снятии,пассажира,снятие,пассажир,Ncnsln,Ncmsgy,OB,,,,Vt,N
578,прохождения,процедур,прохождение,процедура,Ncnsgn,Ncfpgn,OB,,,,N,N
579,сторонника,партии,сторонник,партия,Ncmsgy,Ncfsgn,MB,,,,A,Vt
580,исполнении,полномочий,исполнение,полномочие,Ncnsln,Ncnpgn,OB,,,,N,N
581,укуса,клеща,укус,клещ,Ncmsgn,Ncmsgy,SAG,,,,N,N
582,депутата,госдумы,депутат,госдума,Ncmsgy,Ncfsgn,MB,,,,A,Vt
583,исполнением,законов,исполнение,закон,Ncnsin,Ncmpgn,OB,,,,N,N
584,стенах,университета,стена,университет,Ncfpln,Ncmsgn,WH,,,,A,Vt
585,путей,сообщения,путь,сообщение,Ncmpgn,Ncnsgn,ATR,,,,Vt,N
586,принятия,закона,принятие,закон,Ncnsgn,Ncmsgn,OB,,,,N,N
587,разрешении,кризиса,разрешение,кризис,Ncnsln,Ncmsgn,OB,,,,Vt,N
588,гендиректор,компании,гендиректор,компания,Ncmsny,Ncfsgn,MB,,,,Vt,N
589,качество,молока,качество,молоко,Ncnsan,Ncnsgn,PAR,,,,Vt,N
590,рынка,молока,рынок,молоко,Ncmsgn,Ncnsgn,ATR,,,,Vt,N
591,количество,молока,количество,молоко,Ncnsnn,Ncnsgn,PAR,,,,Vn,N
592,заключения,контракта,заключение,контракт,Ncnsgn,Ncmsgm,OB,,,,N,N
593,период,заключения,период,заключение,Ncmsan,Ncfsgn,ATR,,,,Vt,N
594,защитник,авдошкина,защитник,авдошкин,Ncmsny,Npmsgy,OB',,,,N,N
595,отводе,прокурора,отвод,прокурор,Ncmsln,Ncmsgy,OB,,,,Vt,N
596,подготовки,позиции,подготовка,позиция,Ncmsan,Ncfsgn,OB,,,,Vt,N
597,страницы,дела,страница,дело,Ncfpan,Ncfsgn,WH,,,,Vn,N
598,исполнения,поручения,исполнение,поручение,Ncnsln,Ncnsgn,OB,,,,Vn,N
599,выделении,участка,выделение,участок,Ncnsln,Ncmsgn,OB,,,,N,N
600,объезда,округа,объезд,округа,Ncmsgn,Ncmsgn,OB,,,,Vt,Vn
601,мама,вити,мама,витя,Ncfsny,Npmsgy,KIN-SOC,,,,N,N
602,бабушка,первоклассника,бабушка,первоклассник,Ncfsny,Ncmsgy,KIN-SOC,,,,N,N
603,участников,баталий,участник,баталия,Ncmpgy,Ncfpgn,SAG,,,,Vn,N
604,стоимости,бензина,стоимость,бензин,Ncfsdn,Ncmpgn,PAR,,,,Vt,N
605,продаж,дисков,продажа,диск,Ncfpgn,Ncmpgn,OB,,,,Vt,N
606,организаторов,митинга,организатор,митинг,Ncmpgy,Ncmsgn,OB',,,,N,N
607,навыки,борьбы,навык,борьба,Ncmpan,Ncfsgn,ATR,,,,N,N
608,уровень,знаний,уровень,знание,Ncmsan,Ncnpgn,PAR,,,,N,N
609,поисках,героя,поиск,герой,Ncmpln,Ncmsgn,OB,,,,Vt,Vt
610,нанесении,травмы,нанесение,травма,Ncnsln,Ncfsgn,OB,,,,N,N
611,самовыдвижению,кандидатов,самовыдвижение,кандидат,Ncnsdn,Ncmpgy,SAG,,,,Vt,N
612,расследование,конфликта,расследование,конфликт,Ncnsan,Ncmsgn,OB,,,,N,N
613,показателе,смертности,показатель,смертность,Ncmsln,Ncfsgn,PAR,,,,Vt,N
614,восхождении,полковника,восхождение,полковник,Ncnsln,Ncmsgy,SAG,,,,Vt,N
615,врач,больницы,врач,больница,Ncmsny,Ncfsgn,MB,,,,Vt,N
616,счетов,лазаренко,счет,лазаренко,Ncmpgn,Npmsgy,POS,,,,Vt,Vt
617,удовлетворении,иска,удовлетворение,иск,Ncnsln,Ncmsgn,OB,,,,N,N
618,аппарат,связи,аппарат,связь,Ncmsan,Ncfsgn,ATR,,,,Vn,Vt
619,видеозапись,обращения,видеозапись,обращение,Ncfsan,Ncnsgn,OB',,,,Vn,Vt
620,деятельность,персонажа,деятельность,персонаж,Ncfsnn,Ncmsgy,SAG,,,,Vt,N
621,задаванию,вопросов,задавание,вопрос,Ncnsdn,Ncmpgn,OB,,,,Vn,N
622,приманиванию,зрительниц,приманивание,зрительница,Ncnsdn,Ncfpgy,OB,,,,N,N
623,вопросы,этики,вопрос,этика,Ncmpan,Ncfsgn,ATR,,,,Vn,N
624,делам,несовершеннолетних,дело,несовершеннолетний,Ncnpdn,Ncmpgy,ATR,,,,N,N
625,активности,населения,активность,население,Ncfsgn,Ncnsgn,SAG,,,,Vt,N
626,борьба,кланов,борьба,клан,Ncfsnn,Ncmpgn,SAG,,,,N,N
627,лоббирование,людей,лоббирование,человек,Ncnsan,Ncmpgy,OB,,,,N,N
628,тещи,члена,теща,член,Ncfsgy,Ncmsgy,KIN-SOC,,,,Vt,Vt
629,жених,стоцкой,жених,стоцкий,Ncmsny,Npfsgy,KIN-SOC,,,,Vt,N
630,талант,пианиста,талант,пианист,Ncmsan,Ncmsgy,PAR,,,,Vn,Vn
631,заместитель,директора,заместитель,директор,Ncmsny,Ncmsgy,OB',,,,N,N
632,индустрии,красоты,индустрия,красота,Ncfsln,Ncfsgn,ATR,,,,N,N
633,сдачи,номера,сдача,номер,Ncfsgn,Ncmsgn,OB,,,,N,N
634,момент,сдачи,момент,сдача,Ncmsan,Ncfsgn,ATR,,,,Vt,Vt
635,критерием,инаугурации,критерий,инаугурация,Ncmsin,Ncfsgn,ATR,,,,N,N
636,демонстрация,достоинств,демонстрация,достоинство,Ncfsnn,Ncnpgn,OB,,,,Vn,N
637,показом,продуктов,показ,продукт,Ncmsin,Ncmpgn,OB,,,,Vt,N
638,запаха,тела,запах,тело,Ncmsgn,Ncnsgn,PAR,,,,A,Vt
639,организация,сообщения,организация,сообщение,Ncfsnn,Ncnsgn,OB,,,,Vt,N
640,утрату,удостоверения,утрата,удостоверение,Ncfsan,Ncnsgn,OB,,,,Vt,N
641,облета,площадки,облет,площадка,Ncmsgn,Ncfsgn,OB,,,,N,N
642,переписи,населения,перепись,население,Ncnsgn,Ncnsgn,OB,,,,Vt,N
643,подготовки,переписи,подготовка,перепись,Ncnsdn,Ncnsgn,OB,,,,Vn,N
644,создания,расписания,создание,расписание,Ncnsgn,Ncnsgn,OB,,,,Vt,N
645,сотрудник,регистратуры,сотрудник,регистратура,Ncmsny,Ncfsgn,MB,,,,Vt,N
646,сын,олигарха,сын,олигарх,Ncnsny,Ncmsgy,KIN-SOC,,,,Vt,N
647,героизм,бэтмена,героизм,бэтмена,Ncmsan,Npmsgy,PAR,,,,N,N
648,упоминание,румынии,упоминание,румыния,Ncnsnn,Ncfsgn,OB,,,,N,N
649,переговоров,канцлера,переговоры,канцлер,Ncmpgn,Ncmsgy,SAG,,,,Vt,Vt
650,постановку,спектакля,постановка,спектакль,Ncfsan,Ncmsgn,OB,,,,Vt,N
651,соратнике,фюрера,соратник,фюрер,Ncmsly,Ncmsgy,KIN-SOC,,,,Vt,A
652,конкурентноспособности,продукции,конкурентноспособность,продукция,Ncfsgn,Ncfsgn,PAR,,,,A,Vn
653,преследовании,джемаля,преследование,джемаль,Ncnsln,Npmsgy,OB,,,,Vn,N
654,сайте,комитета,сайт,комитет,Ncmsln,Ncmsgn,POS,,,,Vt,Vn
655,поставок,топлива,поставка,топливо,Ncfpgn,Ncnsgn,OB,,,,N,N
656,приобретение,квартиры,приобретение,квартира,Ncnsan,Ncfsgn,OB,,,,N,N
657,присвоение,звания,присвоение,звание,Ncnsan,Ncnsgn,OB,,,,N,N
658,сыном,полка,сын,полка,Ncmsiy,Ncmsgn,KIN-SOC,,,,A,N
659,выявление,оборота,выявление,оборот,Ncnsan,Ncmsgn,OB,,,,A,Vn
660,изучению,преступности,изучение,преступность,Ncnsdn,Ncfsgn,OB,,,,A,Vn
661,директор,центра,директор,центр,Ncmsny,Ncmsgn,MB,,,,N,N
662,начальника,гидрометцентра,начальник,гидрометцентр,Ncmsny,Ncmsgn,MB,,,,Vt,N
663,контродем,оперативников,контродема,оперативник,Ncmsin,Ncmpgy,SAG,,,,N,Vt
664,площади,победы,площадь,победа,Ncfsln,Ncfsgn,ATR,,,,N,N
665,представителя,фирмы-изготовителя,представитель,фирма-изготовитель,Ncmsgy,Ncfsgn,MB,,,,N,Vn
666,доме,актера,дом,актер,Ncmsln,Ncmsgy,ATR,,,,N,N
667,имущество,компании,имущество,компания,Ncnsnn,Ncfsgn,POS,,,,Vn,N
668,пересказ,доклада,пересказ,доклад,Ncmsnn,Ncmsgn,OB,,,,A,N
669,фонд,алеши,фонд,алеш,Ncmsan,Npmsgy,POS,,,,N,N
670,действий,ответчика,действие,ответчик,Ncnpgn,Ncmsgy,SAG,,,,N,N
671,признаки,сомнительности,признак,сомнительность,Ncmpan,Ncfsgn,ATR,,,,N,N
672,объем,работ,объесть,работа,Ncmsan,Ncfpgn,PAR,,,,Vt,N
673,колоритности,персонажа,колоритность,персонаж,Ncfsdn,Ncmsgy,PAR,,,,Vn,N
674,помощь,адвоката,помощь,адвокат,Ncfsan,Ncmsgy,SAG,,,,A,N
675,выносливости,физкультурника,выносливость,физкультурник,Ncfsgn,Ncmsgy,PAR,,,,N,N
676,насмешки,судьбы,насмешка,судьба,Ncfsgn,Ncfsgn,SAG,,,,Vt,Vt
677,заказу,вельможу,заказ,вельможа,Ncmsdn,Ncmsgy,SAG,,,,A,N
678,прием,граждан,прием,гражданин,Ncmsan,Ncmpgy,OB,,,,N,N
679,пункт,соглашения,пункт,соглашение,Ncmsnn,Ncnsgn,WH,,,,Vt,Vn
680,лечения,ребенка,лечение,ребенок,Ncnsgn,Ncmsgy,OB,,,,N,Vn
681,оплату,лечения,оплата,лечение,Ncfsan,Ncnsgn,OB,,,,N,Vn
682,сокращению,очередей,сокращение,очередь,Ncnsdn,Ncfpgn,OB,,,,N,Vt
683,чтением,канона,чтение,канон,Ncnsin,Ncmsgn,OB,,,,Vt,N
684,боец,отряда,боец,отряд,Ncmsny,Ncmsgn,MB,,,,N,N
685,могущество,писателя,могущество,писатель,Ncnsnn,Ncmsgy,PAR,,,,N,Vn
686,концепция,интеллекта,концепция,интеллект,Ncfsnn,Ncmsgn,PAR,,,,N,N
687,момент,открытия,момент,открытие,Ncmsan,Ncfsgn,ATR,,,,N,N
688,открытия,объекта,открытие,объект,Ncfsgn,Ncmsgn,OB,,,,N,N
689,важность,ситуации,важность,ситуация,Ncnsan,Ncfsgn,PAR,,,,Vt,N
690,степень,ответственности,степень,ответственность,Ncnsan,Ncfsgn,PAR,,,,Vt,Vt
691,профессию,рабочего,профессия,рабочий,Ncfsan,Ncmsgy,ATR,,,,A,N
692,систему,обороны,система,оборона,Ncfsan,Ncfsgn,ATR,,,,A,N
693,завершению,секвенирования,завершение,секвенирование,Ncnsdn,Ncnsgn,OB,,,,N,N
694,секвенирования,генома,секвенирование,геном,Ncnsgn,Ncmsgn,OB,,,,N,N
695,генома,человека,геном,человек,Ncmsgn,Ncmsgy,PAR,,,,Vt,N
696,тону,директора,тон,директор,Ncmsdn,Ncmsgy,PAR,,,,Vn,N
697,облика,смены,облик,смена,Ncmsgn,Ncfsgn,PAR,,,,N,Vn
698,заводе,авиации,завод,авиация,Ncmsln,Ncfsgn,ATR,,,,A,N
699,колеса,мотоциклиста,колесо,мотоциклист,Ncnpan,Ncmsgy,POS,,,,Vn,N
700,степени,тяжести,степень,тяжесть,Ncfsgn,Ncfsgn,PAR,,,,Vt,N
701,статус,беженца,статус,беженец,Ncmsan,Ncmsgy,ATR,,,,A,Vn
702,доказательством,жизни,доказательство,жизнь,Ncnsin,Ncfsgn,OB,,,,Vt,N
703,репутацию,человека,репутация,человек,Ncfsan,Ncmsgy,PAR,,,,N,N
704,победы,адмирала,победа,адмирал,Ncfsgn,Ncmsgy,SAG,,,,A,Vn
705,создатель,сетей,создатель,сеть,Ncmsny,Ncfpgn,OB',,,,Vn,N
706,размер,ставки,размер,ставка,Ncmsnn,Ncfsgn,PAR,,,,N,Vt
707,оценки,кредитоспособности,оценка,кредитоспособность,Ncfsgn,Ncfsgn,OB,,,,Vt,N
708,кредитоспособности,клиента,кредитоспособность,клиент,Ncfsgn,Ncmsgy,PAR,,,,Vt,Vn
709,кресло,судьи,кресло,судья,Ncnsan,Ncmsgy,POS,,,,Vt,Vn
710,тонкости,процесса,тонкость,процесс,Ncfpan,Ncmsgn,PAR,,,,N,Vn
711,распределении,участков,распределение,участок,Ncnpln,Ncmpgn,OB,,,,N,N
712,отстрел,зайца,отстрел,заяц,Ncmsan,Ncmsgy,OB,,,,N,Vt
713,заседанием,кдк,заседание,кдк,Ncnsin,Ncmsgn,SAG,,,,Vt,N
714,офис,рфс,офис,рфс,Ncmsan,Ncfsgn,POS,,,,Vt,N
715,вице-президент,"""анжи""",вице-президент,анжи,Ncmsny,Ncfsgn,MB,,,,Vn,Vn
716,регистрации,средств,регистрация,средство,Ncnsgn,Ncnpgn,OB,,,,A,N
717,успешность,программ,успешность,программа,Ncfsnn,Ncfpgn,PAR,,,,N,N
718,открытостью,программ,открытость,программа,Ncfsin,Ncfpgn,PAR,,,,N,Vt
719,ясностью,изложения,ясность,изложение,Ncfsin,Ncnsgn,PAR,,,,N,N
720,распоряжения,клиента,распоряжение,клиент,Ncnsgn,Ncmsgy,SAG,,,,Vt,N
721,спаривании,самца,спаривание,самец,Ncnsln,Ncmsgy,SAG,,,,N,N
722,пост,наставника,пост,наставник,Ncmsan,Ncmsgy,ATR,,,,Vt,Vn
723,наставника,махачкалинцев,наставник,махачкалинец,Ncmsgy,Ncmpgy,OB',,,,A,N
724,пластичность,человека,пластичность,человек,Ncnsan,Ncmsgy,PAR,,,,Vt,N
725,обустройства,площадок,обустройство,площадка,Ncnsgn,Ncfpgn,OB,,,,N,N
726,бюро,выставок,бюро,выставка,Ncnsgn,Ncfgpn,ATR,,,,Vn,N
727,складе,запчастей,склад,запчасть,Ncmsln,Ncfpgn,ATR,,,,N,N
728,предоставлению,жилья,предоставление,жилье,Ncnsdn,Ncnsgn,OB,,,,N,N
729,отбелку,целлюлозы,отбелка,целлюлоза,Ncfsan,Ncfsgn,OB,,,,A,Vn
730,охраны,природы,охрана,природа,Ncfsgn,Ncfsgn,OB,,,,N,N
731,союза,охраны,союз,охрана,Ncmsgn,Ncfsgn,ATR,,,,N,N
732,сборки,автомобилей,сборка,автомобиль,Ncfsgn,Ncmpgn,OB,,,,Vt,N
733,школа,граждан,школа,гражданин,Ncfsnn,Ncmpgy,ATR,,,,Vt,N
734,выращиванию,человека,выращивание,человек,Ncnsdn,Ncmsgy,OB,,,,N,N
735,качества,преподавания,качество,преподавание,Ncnsgn,Ncnsgn,PAR,,,,Vn,Vn
736,поведении,собаки,поведение,собака,Ncnsln,Ncfsgy,SAG,,,,N,N
737,достоинствах,плана,достоинство,план,Ncnpgn,Ncmsgn,PAR,,,,N,N
738,кресле,министра,кресло,министр,Ncnsln,Ncmsgy,POS,,,,A,N
739,сообщник,мошенника,сообщник,мошенник,Ncmsny,Ncmsgy,KIN-SOC,,,,Vt,N
740,форме,сотрудника,форма,сотрудник,Ncfsln,Ncmsgy,ATR,,,,N,N
741,поиском,ребенка,поиск,ребенок,Ncmsin,Ncmsgy,OB,,,,N,N
742,собрании,энергокомпании,собрание,энергокомпания,Ncnsln,Ncfsgn,SAG,,,,Vt,N
743,театр,драмы,театр,драма,Ncmsan,Ncfsgn,ATR,,,,N,N
744,отмене,лимита,отмена,лимит,Ncmsln,Ncmsgn,OB,,,,N,Vn
745,спикера,госдумы,спикер,госдума,Ncmsgy,Ncfsgn,MB,,,,Vt,N
746,обеспечение,ветеранов,обеспечение,ветеран,Ncnsnn,Ncmpgy,OB,,,,A,Vt
747,улучшению,условий,улучшение,условие,Ncnsdn,Ncnpgn,OB,,,,Vt,N
748,передачи,портфелей,передача,портфель,Ncfsgn,Ncmpgn,OB,,,,Vt,N
749,председатель,правительства,председатель,правительство,Ncmsny,Ncnsgn,MB,,,,N,Vt
750,лидер,кпрф,лидер,кпрф,Ncmsny,Ncfsgn,MB,,,,Vt,N
751,ликвидации,пожаров,ликвидация,пожар,Ncfsgn,Ncmpgn,OB,,,,Vn,N
752,член,бандгруппы,член,бандгруппа,Ncmsny,Ncfsgn,MB,,,,N,Vn
753,доступность,территорий,доступность,территория,Ncnsan,Ncfpgn,PAR,,,,A,N
754,скорость,доставки,скорость,доставка,Ncnsan,Ncfsgn,PAR,,,,N,N
755,доставки,пассажиров,доставка,пассажир,Ncfsgn,Ncmpgy,OB,,,,N,Vn
756,конкурентноспособность,экономики,конкурентноспособность,экономика,Ncfsan,Ncfsgn,PAR,,,,N,N
757,департамента,образования,департамент,образование,Ncmsgn,Ncnsgn,ATR,,,,N,N
758,выборе,партнера,выбор,партнер,Ncmsln,Ncmsgy,OB,,,,Vt,N
759,невыплату,зарплаты,невыплата,зарплата,Ncfsan,Ncfsgn,OB,,,,N,Vn
760,разработку,месторождений,разработка,месторождение,Ncfsan,Ncnpgn,OB,,,,N,N
761,получения,лицензий,получение,лицензия,Ncnsgn,Ncfpgn,OB,,,,N,N
762,диплом,юриста,диплом,юрист,Ncmsan,Ncmsgy,ATR,,,,Vt,N
763,вес,человека,вес,человек,Ncmsan,Ncmsgy,PAR,,,,N,N
764,устойчивости,развития,устойчивость,развитие,Ncfsgn,Ncnsgn,PAR,,,,N,N
765,командир,крейсера,командир,крейсер,Ncmsny,Ncmsgn,OB',,,,N,N
766,акции,протеста,акция,протест,Ncfpnn,Ncmsgn,ATR,,,,N,N
767,предок,человека,предок,человек,Ncmsny,Ncmsgy,KIN-SOC,,,,N,N
768,стоимость,долга,стоимость,долг,Ncfsan,Ncmsgn,PAR,,,,Vt,N
769,замену,удостоверения,замена,удостоверение,Ncfsan,Ncnsgn,OB,,,,Vt,N
770,удостоверения,личности,удостоверение,личность,Ncnsgn,Ncfsgn,OB',,,,Vn,N
771,границы,участка,граница,участок,Ncfpnn,Ncmsgn,WH,,,,N,N
772,фрагмент,венца,фрагмент,венец,Ncmsan,Ncmsgn,WH,,,,N,N
773,шмотки,царицы,шмотки,царица,Ncfpan,Ncfsgy,POS,,,,Vn,Vn
774,достройку,слободы,достройка,слобода,Ncfan,Ncfsgn,OB,,,,Vn,N
775,палате,представителей,палата,представитель,Ncfsln,Ncmpgy,ATR,,,,N,N
776,стабилизации,цен,стабилизация,цена,Ncfsdn,Ncfpgn,OB,,,,Vt,N
777,продукты,питания,продукт,питание,Ncmpan,Ncfsgn,ATR,,,,Vt,N
778,появлением,малыша,появление,малыш,Ncnsin,Ncmpgn,SPA,,,,Vt,N
779,производство,препаратов,производство,препарат,Ncnsnn,Ncmsng,OB,,,,A,N
780,декан,факультета,декан,факультет,Ncmsny,Ncmsgn,MB,,,,Vt,N
781,факультета,управления,факультет,управление,Ncmsgn,Ncnsgn,ATR,,,,N,N
782,выступлением,тхэквондистов,выступление,тхэквондист,Ncnsin,Ncmsgy,SAG,,,,Vn,N
783,смерти,художника,смерть,художник,Ncfsgn,Ncmsgy,SPA,,,,Vn,N
784,возмещения,вреда,возмещение,вред,Ncnsan,Ncmsgn,OB,,,,N,N
785,фотографию,мальчика,фотография,мальчик,Ncfsan,Ncmsgy,OB',,,,A,N
786,вырубки,кедра,вырубка,кедр,Ncfpan,Ncmsgn,OB,,,,Vt,N
787,разрушению,экосистем,разрушение,экосистема,Ncnsdn,Ncfpgn,OB,,,,Vt,N
788,фотографии,человека,фотография,человек,Ncfpnn,Ncmsgy,OB',,,,A,N
789,рождение,ребенка,рождение,ребенок,Ncnsan,Ncmsgy,SPA,,,,N,N
790,оглашения,приговора,оглашение,приговор,Ncnsgn,Ncmsgn,OB,,,,N,N
791,игнорирование,нормы,игнорирование,норма,Ncnsnn,Ncfsgn,OB,,,,N,Vn
792,отец,героя,отец,герой,Ncmsny,Ncmsgy,KIN-SOC,,,,N,N
793,представителя,власти,представитель,власть,Ncmsgy,Ncfsgn,MB,,,,Vt,N
794,оператор,доения,оператор,доение,Ncmsny,Ncnsgn,ATR,,,,N,Vn
795,оператор,агрофирмы,оператор,агрофирма,Ncmsny,Ncfsgn,MB,,,,N,N
796,работу,мэра,работа,мэр,Ncfsan,Ncmsgy,SAG,,,,N,N
797,выдачи,формы,выдача,форма,Ncfsgn,Ncfsgn,OB,,,,A,N
798,талант,изобретателя,талант,изобретатель,Ncmsan,Ncmsgy,ATR,,,,N,N
799,договору,найма,договор,найм,Ncmsdn,Ncmsgn,ATR,,,,N,N
800,приобретения,жилья,приобретение,жилье,Ncnsgn,Ncnsgn,OB,,,,A,N
801,знаком,льва,знак,лев,Ncmsin,Ncmsgn,ATR,,,,N,N
802,оформлении,документов,оформление,документ,Ncnsln,Ncmpgn,OB,,,,Vt,N
803,списка,контактов,список,контакт,Ncmsgn,Ncmpgn,ATR,,,,Vt,Vn
804,экране,устройства,экран,устройство,Ncmsln,Ncnsgn,WH,,,,N,N
805,кнопка,звонка,кнопка,звонок,Ncfsnn,Ncmsgn,ATR,,,,N,Vn
806,совершение,преступлений,совершение,преступление,Ncnsan,Ncnpgn,OB,,,,N,Vn
807,главой,аэропорта,глава,аэропорт,Ncmsiy,Ncmsgn,MB,,,,N,A
808,страхованию,вкладов,страхование,вклад,Ncnsdn,Ncmsgn,OB,,,,A,N
809,производству,конструктора,производство,конструктор,Ncnsdn,Ncmsgn,OB,,,,N,N
810,пресс-атташе,клуба,пресс-атташе,клуб,Ncmsny,Ncmsgn,MB,,,,N,N
811,подножию,памятника,подножие,памятник,Ncnsdn,Ncmsgn,WH,,,,Vt,N
812,органов,дознания,орган,дознание,Ncmogn,Ncnsgn,ATR,,,,N,N
813,визите,проповедника,визит,проповедник,Ncmsgn,Ncmsgy,SAG,,,,Vt,Vn
814,учредителя,компании,учредитель,компания,Ncmsgy,Ncfsgn,OB',,,,N,Vn
815,забастовка,служащих,забастовка,служащий,Ncfsnn,Ncmpgy,SAG,,,,Vt,N
816,дверь,подъезда,дверь,подъезд,Ncfsnn,Ncmsgn,WH,,,,N,N
817,приключений,шерлока,приключение,шерлок,Ncnpgn,Npmsgy,SAG,,,,N,N
818,палату,парламента,палата,парламент,Ncfsan,Ncmsgn,WH,,,,N,N
819,ввода,законопроекта,ввод,законопроект,Ncmsgn,Ncmsgn,OB',,,,Vt,N
820,вмешательство,ес,вмешательство,ес,Ncnsan,Ncmsgn,SAG,,,,N,N
821,уровень,качества,уровень,качество,Ncmsan,Ncnsgn,PAR,,,,N,N
822,день,гнева,день,гнев,Ncmsnn,Ncmsgn,ATR,,,,N,N
823,параметрах,бюджета,параметр,бюджет,Ncmpln,Ncmsgn,PAR,,,,N,N
824,отмены,приказа,отмена,приказ,Ncfsgn,Ncmsgn,OB,,,,Vn,N
825,эры,телевидения,эра,телевидение,Ncfsgn,Ncnsgn,ATR,,,,Vt,N
826,симуляции,сознания,симуляция,сознание,Ncfsgn,Ncnsgn,OB,,,,N,N
827,поддержке,депутата,поддержка,депутат,Ncfsln,Ncmsgy,SAG,,,,N,N
828,экспертиза,малыша,экспертиза,малыш,Ncfsnn,Ncmsgy,OB,,,,N,N
829,предоставление,льгот,предоставление,льгота,Ncnsnn,Ncfpgn,OB,,,,N,N
830,костюме,зверя,костюм,зверь,Ncmsln,Ncmsgy,ATR,,,,N,N
831,брожение,пищи,брожение,пища,Ncnsnn,Ncfsgn,SPA,,,,N,N
832,прокладку,трубы,прокладка,труба,Ncfsan,Ncfsgn,OB,,,,Vt,N
833,ресурсы,работника,ресурс,работник,Ncmpan,Ncmsgn,POS,,,,N,N
834,амплитуда,изменений,амплитуда,изменение,Ncfsnn,Ncnpgn,PAR,,,,A,N
835,проректор,школы,проректор,школа,Ncmsny,Ncfsgn,MB,,,,Vn,Vn
836,возврата,денег,возврат,деньги,Ncmsgn,Ncfpgn,OB,,,,Vn,Vn
837,дочери,издателя,дочь,издатель,Ncfsly,Ncmsgy,KIN-SOC,,,,N,N
838,учета,доходов,учет,доход,Ncmsgn,Ncmpgn,OB,,,,N,N
839,объемы,средств,объем,средство,Ncmpan,Ncnpgn,PAR,,,,N,N
840,квалификации,персонала,квалификация,персонал,Ncfsgn,Ncmsgn,PAR,,,,N,N
841,сходы,граждан,сход,гражданин,Ncmpan,Ncmpgy,SAG,,,,Vt,A
842,представитель,истца,представитель,истец,Ncmsny,Ncmsgy,OB',,,,A,Vn
843,форуме,услуг,форум,услуга,Ncmsln,Ncfpgn,ATR,,,,Vn,N
844,поведение,звезды,поведение,звезда,Ncnsan,Ncfsgy,SAG,,,,N,N
845,срок,действия,срок,действие,Ncmsan,Ncnsgn,PAR,,,,A,N
846,надежности,компании,надежность,компания,Ncfsln,Ncfsgn,PAR,,,,N,N
847,средство,платежа,средство,платеж,Ncnsan,Ncmsgn,ATR,,,,N,N
848,средств,получателя,средство,получатель,Ncnpgn,Ncmsgy,POS,,,,Vt,N
849,часть,доклада,часть,доклад,Ncfsan,Ncmsgn,WH,,,,N,N
850,ректор,мгу,ректор,мгу,Ncmsny,Ncmsgn,MB,,,,Vt,Vn
851,обзору,истории,обзор,история,Ncmsdn,Ncfsgn,OB,,,,N,Vn
852,зоны,торговли,зона,торговля,Ncfsgn,Ncfsgn,ATR,,,,Vt,N
853,исполнитель,роли,исполнитель,роль,Ncmsny,Ncfsgn,OB',,,,Vt,Vt
854,производитель,микросхем,производитель,микросхема,Ncmsny,Ncfpgn,OB',,,,A,N
855,особенности,характера,особенность,характер,Ncfpan,Ncmsgn,PAR,,,,A,N
856,склад,ума,склад,ум,Ncmsan,Ncmsgn,PAR,,,,Vt,N
857,водитель,автомашины,водитель,автомашина,Ncmsny,Ncfsgn,OB',,,,N,N
858,состоянии,опьянения,состояние,опьянение,Ncnsln,Ncnsgn,ATR,,,,N,N
859,правила,движения,правило,движение,Ncnpan,Nncsgn,ATR,,,,N,N
860,рации,диспетчера,рация,диспетчер,Ncfsln,Ncmsgy,POS,,,,Vt,Vn
861,смещение,министра,смещение,министр,Ncnsnn,Ncmsgy,OB,,,,N,Vn
862,удостоверением,водолаза,удостоверение,водолаз,Ncnsin,Ncmsgy,ATR,,,,Vt,N
863,рассмотрения,представления,рассмотрение,представление,Ncnsgn,Ncnsgn,OB,,,,Vt,N
864,устранение,нарушений,устранение,нарушение,Ncnsnn,Ncnpgn,OB,,,,Vt,N
865,соучредителем,кооператива,соучредитель,кооператив,Ncmsiy,Ncmsgn,OB',,,,Vt,N
866,рейде,порта,рейд,порт,Ncmsln,Ncmsgn,OB,,,,Vt,N
867,закладка,стен,закладка,стена,Ncfsnn,Ncfpgn,OB,,,,A,N
868,обоснованность,проекта,обоснованность,проект,Ncfsnn,Ncmsgn,PAR,,,,Vt,N
869,захоронение,тела,захоронение,тело,Ncnsan,Ncnsgn,OB,,,,N,Vt
870,оппонент,преемника,оппонент,преемник,Ncmsny,Ncmsgy,KIN-SOC,,,,Vt,N
871,преемника,президента,преемник,президент,Ncmsgy,Ncmsgy,KIN-SOC,,,,Vt,N
872,восстановления,гражданства,восстановление,гражданство,Ncnsgn,Ncnsgn,OB,,,,Vt,N
873,пользователь,твиттера,пользователь,твиттер,Ncmsny,Ncmsgn,OB',,,,Vt,Vn
874,монетизации,льгот,монетизация,льгота,Ncfsdn,Ncfpgn,OB,,,,Vn,N
875,выходкой,болельщика,выходка,болельщик,Ncfsin,Ncmsgy,SAG,,,,N,N
876,музей,фигур,музей,фигура,Ncmsnn,Ncfpgn,ATR,,,,A,N
877,уникальность,роли,уникальность,роль,Ncfsnn,Ncfsgy,PAR,,,,N,N
878,сотрудник,мчс,сотрудник,мчс,Ncmsny,Ncmsgn,MB,,,,N,Vn
879,законность,пропажи,законность,пропажа,Ncfsnn,Ncnsgn,PAR,,,,Vt,N
880,ведущего,телепередачи,ведущий,телепередача,Ncmsgy,Ncfsgn,OB',,,,N,N
881,,,,,,,,,,,Vt,N
882,преследование,жертвы,преследование,жертва,,,OB,,,,A,Vn
883,темп,бега,темп,бег,,,PAR,,,,Vn,N
884,бега,льва,бег,лев,,,SAG,,,,Vn,Vn
885,движению,талибов,движение,талиб,,,SAG,,,,Vn,N
,возвращения,россиян,возвращение,россиянин,,,SAG,,,,Vn,N
886,переезд,семьи,переезд,семья,,,SAG,,,,Vn,N
887,сопровождении,медработника,сопровождение,медработник,,,SAG,,,,Vn,Vn
888,походы,олигархов,поход,олигарх,,,SAG,,,,Vn,N
889,перехода,руководителя,переход,руководитель,,,SAG,,,,Vn,N
890,возвращения,россиян,возвращение,россиянин,,,SAG,,,,Vn,N
891,эмиграцией,евреев,эмиграция,еврей,,,SAG,,,,Vn,N
892,атаку,соперника,атака,соперник,,,SAG,,,,Vn,N
893,приезде,курьера,приезд,курьер,,,SAG,,,,Vn,N
894,ухода,рабочих,уход,рабочий,,,SAG,,,,Vn,N
895,передвижении,людей,передвижение,человек,,,SAG,,,,Vn,N
896,вселении,писателя,вселение,писатель,,,SAG,,,,Vn,N
897,возвращении,мать,возвращение,мать,,,SAG,,,,Vn,N
898,поклонения,волхвов,поклонение,волхв,,,SAG,,,,Vn,N
899,прыжком,врага,прыжок,враг,,,SAG,,,,Vn,N
900,полеты,пчел,полет,пчела,,,SAG,,,,Vn,N
901,отступления,оккупантов,отступление,оккупант,,,SAG,,,,Vn,N
902,возвращение,грачей,возвращение,грач,,,SAG,,,,Vn,N
903,исполнении,ансамбля,исполнение,ансамбль,,,SAG,,,,Vn,N
904,приезды,отца,приезд,отец,,,SAG,,,,Vn,N
905,восхождения,правителя,восхождение,правитель,,,SAG,,,,A,Vn
906,длительности,правления,длительность,правление,,,PAR,,,,Vn,Vt
907,приходом,хозяина,приход,хозяин,,,SAG,,,,Vt,N
908,потеря,отца,потеря,отец,,,OB,,,,Vt,N
909,владения,графа,владение,граф,,,POS,,,,Vt,N
910,выселения,новобрачной,выселение,новобрачный,,,OB,,,,Vn,N
911,продвижение,красных,продвижение,красных,,,SAG,,,,Vn,Vn
912,отъезда,крестьянина,отъезд,крестьянин,,,SAG,,,,Vt,N
913,краже,невесты,кража,невеста,,,OB,,,,Vt,N
914,похищения,голова,похищение,голова,,,OB,,,,Vn,N
915,возвращения,зайца,возвращение,заяц,,,SAG,,,,Vn,N
916,лай,собаки,лай,собака,,,SAG,,,,Vn,N
917,приближение,зайца,приближение,заяц,,,SAG,,,,Vn,N
918,пробега,зайца,пробег,заяц,,,SAG,,,,Vt,N
919,добывании,зайца,добывание,заяц,,,OB,,,,Vt,N
920,поимке,призраков,поимка,призрак,,,OB,,,,Vt,N
921,посещения,станции,посещение,станция,,,OB,,,,Vn,N
922,путешествие,автора,путешествие,автор,,,SAG,,,,Vn,N
923,приезд,дяди,приезд,дядя,,,SAG,,,,Vn,N
924,занятиях,родителей,занятие,родитель,,,SAG,,,,Vn,N
925,движениях,русских,движение,русский,,,SAG,,,,Vt,N
926,продвижение,противника,продвижение,противник,,,SAG,,,,N,N
927,стены,блиндажа,стена,блиндаж,,,WH,,,,Vn,N
928,прогулок,командующего,прогулка,командующий,,,SAG,,,,Vn,N
929,полет,шмеля,полет,шмель,,,SAG,,,,Vn,N
930,залет,мухи,залет,муха,,,SAG,,,,Vn,N
931,шагов,людей,шаг,человек,,,SAG,,,,Vn,N
932,натиском,боевиков,натиск,боевик,,,SAG,,,,Vt,N
933,покупку,техники,покупка,техника,,,OB,,,,Vt,Vn
934,замену,персонала,замена,персонал,,,OB,,,,Vn,N
935,миграцию,клиентов,миграция,клиент,,,SAG,,,,Vt,N
936,прекращении,поставок,прекращение,поставка,,,OB,,,,Vt,N
937,подготовке,рубрики,подготовка,рубрика,,,OB,,,,Vt,N
938,невыплате,зарплаты,невыплата,зарплата,,,OB,,,,Vt,N
939,перевозки,людей,перевозка,человек,,,OB,,,,Vn,N
940,вступлении,государыни,вступление,государыня,,,SAG,,,,Vt,N
941,получения,чинов,получение,чин,,,OB,,,,Vt,N
942,возвращения,императора,возвращение,император,,,SAG,,,,Vt,N
943,добычи,газа,добыча,газа,,,OB,,,,Vn,N
944,рейдов,террористов,рейд,террорист,,,SAG,,,,Vt,N
945,просмотр,фильма,просмотр,фильм,,,OB,,,,Vt,N
946,перезапуске,брака,перезапуск,брак,,,OB,,,,N,N
947,выставка,кошек,выставка,кошка,,,ATR,,,,Vt,N
948,поимку,киллеров,поимка,киллер,,,OB,,,,Vn,N
949,побег,солдат,побег,солдат,,,SAG,,,,Vt,N
950,эвакуацию,жителей,эвакуация,житель,,,OB,,,,Vt,N
951,опережением,графика,опережение,график,,,OB,,,,Vt,N
952,перепродажи,продуктов,перепродажа,продукт,,,OB,,,,Vt,N
953,платежи,граждан,платеж,гражданин,,,OB,,,,Vn,N
954,выходу,пассажиров,выход,пассажир,,,SAG,,,,Vn,N
955,полет,стрижа,полет,стриж,,,SAG,,,,Vn,N
956,вторжения,варваров,вторжение,варвар,,,SAG,,,,Vt,N
957,снабжения,солдат,снабжение,солдат,,,OB,,,,Vn,N
958,блеска,снега,блеск,снег,,,PAR,,,,Vt,N
959,дезинформации,противника,дезинформация,противник,,,OB,,,,Vt,N
960,перенос,генов,перенос,ген,,,OB,,,,N,N
961,фрагментов,геномов,фрагмент,геном,,,WH,,,,Vt,N
962,комбинирования,фрагментов,комбинирование,фрагмент,,,OB,,,,N,Vt
963,темп,накопления,темп,накопление,,,PAR,,,,Vt,Vn
964,накопления,мутаций,накопление,мутация,,,OB,,,,Vt,N
965,обсуждение,результатов,обсуждение,результат,,,OB,,,,Vn,N
966,уходов,воспитанников,уход,воспитанник,,,SAG,,,,Vt,N
967,свержении,президента,свержение,президент,,,OB,,,,N,N
968,музея,искусств,музей,искусство,,,ATR,,,,N,Vt
969,качеством,сбора,качество,сбор,,,PAR,,,,Vt,N
970,хранению,клеток,хранение,клетка,,,OB,,,,Vn,N
971,вторжение,призраков,вторжение,призрак,,,SAG,,,,Vt,N
972,открытием,сезона,открытие,сезон,,,OB,,,,Vt,N
973,нахождения,алмазов,нахождение,алмаз,,,OB,,,,Vt,N
974,демонстрации,возможности,демонстрация,возможность,,,OB,,,,Vt,Vn
975,обеспечением,судей,обеспечение,судья,,,OB,,,,Vt,N
976,обретения,хозяина,обретение,хозяин,,,OB,,,,Vt,N
977,снятия,проклятия,снятие,проклятие,,,OB,,,,Vt,N
978,хранительниц,очага,хранительница,очаг,,,OB',,,,Vt,N
979,кражу,вола,кража,вол,,,OB,,,,Vn,N
980,шествие,кошек,шествие,кошка,,,SAG,,,,Vt,N
981,угона,пленных,угон,пленный,,,OB,,,,N,N
982,прищура,начальника,прищур,начальник,,,PAR,,,,N,Vn
983,кинетику,сворачивания,кинетика,сворачивание,,,PAR,,,,A,N
984,свойств,синаптотагмина,свойство,синаптотагмин,,,PAR,,,,Vn,N
985,мести,населения,месть,население,,,SAG,,,,Vn,N
986,бега,сторожей,бег,сторож,,,SAG,,,,A,Vn
987,скорость,бега,скорость,бег,,,PAR,,,,Vt,Vn
988,раздача,слонов,раздача,слон,,,OB,,,,Vn,Vn
989,хождение,кролика,хождение,кролик,,,SAG,,,,N,Vn
990,содержимого,бумажника,содержимое,бумажник,,,WH,,,,N,N
991,дверь,подъезда,дверь,подъезд,,,WH,,,,Vt,N
992,трат,жителей,трата,житель,,,SAG,,,,Vt,Vn
993,хищение,имущества,хищение,имущество,,,OB,,,,A,N
994,прозрачность,компаний,прозрачность,компания,,,PAR,,,,Vt,N
995,легализации,предприятий,легализация,предприятие,,,OB,,,,A,Vt
996,цена,аренды,цена,аренда,,,PAR,,,,Vn,N
997,наездом,силовиков,наездом,силовик,,,SAG,,,,Vn,N
998,ходы,короля,ход,король,,,SAG,,,,Vn,N
999,прыжку,тигрицы,прыжок,тигрица,,,SAG,,,,Vn,Vn
1000,выезд,старшины,выезд,старшина,,,SAG,,,,Vt,N
1001,чтении,писем,чтение,письмо,,,OB,,,,Vt,Vn
1002,оживлении,покойников,оживление,покойник,,,OB,,,,Vt,N
1003,извлечением,потрохов,извлечение,потроха,,,OB,,,,Vn,N
1004,поездки,молодоженов,поездка,молодожен,,,SAG,,,,A,N
1005,бдительность,сапера,бдительность,сапер,,,PAR,,,,A,Vt
1006,неубедительности,аргументаций,неубедительность,аргументация,,,PAR,,,,Vn,N
1007,танец,солистов,танец,солист,,,SAG,,,,Vn,N
1008,волеизъявлению,избирателей,волеизъявление,избиратель,,,SAG,,,,Vn,N
1009,прогулку,первоклассников,прогулка,первоклассник,,,SAG,,,,Vt,N
1010,бросок,защитника,бросок,защитник,,,SAG,,,,Vn,Vn
1011,паломничество,туристов,паломничество,турист,,,SAG,,,,Vn,Vn
1012,налеты,рэкетиров-ментов,налет,рэкетир-мент,,,SAG,,,,Vn,N
1013,вторжения,нарушителей,вторжение,нарушитель,,,SAG,,,,Vn,Vt
1014,сошествие,ангела,сошествие,ангел,,,SAG,,,,Vn,N
1015,беготни,официанток,беготня,официантка,,,SAG,,,,Vn,N
1016,звуков,тарелок,звук,тарелка,,,SAG,,,,Vn,N
1017,экспедиции,голландцев,экспедиция,голландец,,,SAG,,,,Vt,N
1018,толчок,ребенка,толчок,ребенок,,,SAG,,,,Vn,N
1019,скачкой,старика,скачка,старик,,,SAG,,,,Vn,N
1020,марше,варваров,марш,варвар,,,SAG,,,,Vn,N
1021,поход,детей,поход,ребенок,,,SAG,,,,Vn,N
1022,ходьбы,человека,ходьба,человек,,,SAG,,,,Vn,N
1023,высадки,союзников,высадка,союзник,,,SAG,,,,N,N
1024,потенциал,воли,потенциал,воля,,,PAR,,,,N,N
1025,разум,человека,разум,человек,,,PAR,,,,Vn,N
1026,высадка,астронавтов,высадка,астронавт,,,SAG,,,,Vn,N
1027,отбытие,матушки,отбытие,матушка,,,SAG,,,,Vt,N
1028,снос,оси,снос,ось,,,SAG,,,,Vn,N
1029,ухода,учителя,уход,учитель,,,SAG,,,,Vn,Vn
1030,побега,режиссера,побег,режиссер,,,SAG,,,,Vn,Vn
1031,мычания,коров,мычание,корова,,,SAG,,,,Vn,N
1032,рычание,шерифа,рычание,шериф,,,SAG,,,,Vn,N
1033,верещание,птиц,верещание,птица,,,SAG,,,,Vn,N
1034,пищание,комара,пищание,комар,,,SAG,,,,Vn,N
1035,шипение,григория,шипение,григорий,Ncnsnn,Npmsgy,SAG,,,,Vn,N
1036,ворчание,лейтенанта,ворчание,лейтенант,,,SAG,,,,Vn,N
1037,вой,собаки,вой,собака,,,SAG,,,,Vn,N
1038,щебетание,птиц,щебетание,птица,,,SAG,,,,Vn,N
1039,забастовками,служащий,забастовка,служащий,,,SAG,,,,Vn,N
1040,митингах,медиков,митинг,медик,,,SAG,,,,Vn,N
1041,восстание,декабристов,восстание,декабрист,,,SAG,,,,Vn,N
1042,собраниям,граждан,собрание,гражданин,,,SAG,,,,Vn,N
1043,встречи,штирлица,встреча,штирлиц,Ncfsgn,Npmsgy,SAG,,,,Vn,N
1044,встреча,участников,встреча,участник,,,SAG,,,,Vn,N
1045,гонки,пилотов,гонка,пилот,,,SAG,,,,Vt,N
1046,перемещениями,игроков,перемещение,игрок,,,SAG,,,,N,N
1047,капризы,екатерины,каприз,екатерина,,,,,,,nN,N
1048,игра,актеров,игра,актер,,,,,,,,
1049,,,,,,,,,,,,
1050,,,,,,,,,,,,
1051,,,,,,,,,,,,
1052,,,,,,,,,,,,
1053,,,,,,,,,,,,
1054,,,,,,,,,,,,
1055,,,,,,,,,,,,
1056,,,,,,,,,,,,
1057,,,,,,,,,,,,
1058,,,,,,,,,,,,
1059,,,,,,,,,,,,
1060,,,,,,,,,,,,
1061,,,,,,,,,,,,
1062,,,,,,,,,,,,
1063,,,,,,,,,,,,
1064,,,,,,,,,,,,
1065,,,,,,,,,,,,
1066,,,,,,,,,,,,
1067,,,,,,,,,,,,
1068,,,,,,,,,,,,
1069,,,,,,,,,,,,
1070,,,,,,,,,,,,
1071,,,,,,,,,,,,
1072,,,,,,,,,,,,
1073,,,,,,,,,,,,
1074,,,,,,,,,,,,
1075,,,,,,,,,,,,
1076,,,,,,,,,,,,
1077,,,,,,,,,,,,
1078,,,,,,,,,,,,
1079,,,,,,,,,,,,
1080,,,,,,,,,,,,
1081,,,,,,,,,,,,
1082,,,,,,,,,,,,
1083,,,,,,,,,,,,
1084,,,,,,,,,,,,
1085,,,,,,,,,,,,
1086,,,,,,,,,,,,
1087,,,,,,,,,,,,
1088,,,,,,,,,,,,
1089,,,,,,,,,,,,
1090,,,,,,,,,,,,
1091,,,,,,,,,,,,
1092,,,,,,,,,,,,
1093,,,,,,,,,,,,
1094,,,,,,,,,,,,
1095,,,,,,,,,,,,
1096,,,,,,,,,,,,
1097,,,,,,,,,,,,
1098,,,,,,,,,,,,
1099,,,,,,,,,,,,
1100,,,,,,,,,,,,
1101,,,,,,,,,,,,
1102,,,,,,,,,,,,
1103,,,,,,,,,,,,
1104,,,,,,,,,,,,
1105,,,,,,,,,,,,
1106,,,,,,,,,,,,
1107,,,,,,,,,,,,
1108,,,,,,,,,,,,
1109,,,,,,,,,,,,
1110,,,,,,,,,,,,
1111,,,,,,,,,,,,
1112,,,,,,,,,,,,
1113,,,,,,,,,,,,
1114,,,,,,,,,,,,
1115,,,,,,,,,,,,
1116,,,,,,,,,,,,
1117,,,,,,,,,,,,
1118,,,,,,,,,,,,
1119,,,,,,,,,,,,
1120,,,,,,,,,,,,
1121,,,,,,,,,,,,
1122,,,,,,,,,,,,
1123,,,,,,,,,,,,
1124,,,,,,,,,,,,
1125,,,,,,,,,,,,
1126,,,,,,,,,,,,
1127,,,,,,,,,,,,
1128,,,,,,,,,,,,
1129,,,,,,,,,,,,
1130,,,,,,,,,,,,
1131,,,,,,,,,,,,
1132,,,,,,,,,,,,
1133,,,,,,,,,,,,
1134,,,,,,,,,,,,
1135,,,,,,,,,,,,
1136,,,,,,,,,,,,
1137,,,,,,,,,,,,
1138,,,,,,,,,,,,
1139,,,,,,,,,,,,
1140,,,,,,,,,,,,
1141,,,,,,,,,,,,
1142,,,,,,,,,,,,
1143,,,,,,,,,,,,
1144,,,,,,,,,,,,
1145,,,,,,,,,,,,
1146,,,,,,,,,,,,
1147,,,,,,,,,,,,
1148,,,,,,,,,,,,
1149,,,,,,,,,,,,
1150,,,,,,,,,,,,
1151,,,,,,,,,,,,
1152,,,,,,,,,,,,
1153,,,,,,,,,,,,
1154,,,,,,,,,,,,
1155,,,,,,,,,,,,
1156,,,,,,,,,,,,
1157,,,,,,,,,,,,
1158,,,,,,,,,,,,
1159,,,,,,,,,,,,
1160,,,,,,,,,,,,
1161,,,,,,,,,,,,
1162,,,,,,,,,,,,
1163,,,,,,,,,,,,
1164,,,,,,,,,,,,
1165,,,,,,,,,,,,
1166,,,,,,,,,,,,
1167,,,,,,,,,,,,
1168,,,,,,,,,,,,
1169,,,,,,,,,,,,
1170,,,,,,,,,,,,
1171,,,,,,,,,,,,
1172,,,,,,,,,,,,
1173,,,,,,,,,,,,
1174,,,,,,,,,,,,
1175,,,,,,,,,,,,
1176,,,,,,,,,,,,
1177,,,,,,,,,,,,
1178,,,,,,,,,,,,
1179,,,,,,,,,,,,
1180,,,,,,,,,,,,
1181,,,,,,,,,,,,
1182,,,,,,,,,,,,
1183,,,,,,,,,,,,
1184,,,,,,,,,,,,
1185,,,,,,,,,,,,
1186,,,,,,,,,,,,
1187,,,,,,,,,,,,
1188,,,,,,,,,,,,
1189,,,,,,,,,,,,
1190,,,,,,,,,,,,
1191,,,,,,,,,,,,
1192,,,,,,,,,,,,
1193,,,,,,,,,,,,
1194,,,,,,,,,,,,
1195,,,,,,,,,,,,
1196,,,,,,,,,,,,
1197,,,,,,,,,,,,
1198,,,,,,,,,,,,
1199,,,,,,,,,,,,
1200,,,,,,,,,,,,
1201,,,,,,,,,,,,
1202,,,,,,,,,,,,
1203,,,,,,,,,,,,
1204,,,,,,,,,,,,
1205,,,,,,,,,,,,
1206,,,,,,,,,,,,
1207,,,,,,,,,,,,
1208,,,,,,,,,,,,
1209,,,,,,,,,,,,
,,,,,,,,,,,,
,,,,,,,,,,,,
,,,,,,,,,,,Vt,N