Head,Gen,HeadNorm,GenNorm,HeadForm,GenForm,Rel,HeadSem,GenSem,SetRel
сын,партнера,сын,партнёр,Ncmsny,,KIN-SOC,,,
вице-премьер,правительства,вице-премьер,правительство,Nsmsny,Ncnsgn,MB,,,
представитель,президента,представитель,президент,Ncmsny,Ncmsgy,KIN-SOC,,,
президента,рф,президент,рф,Ncmsgy,Ncfsgn,MB,,,
орагнизации,форума,орагнизация,форум,Ncfsdn,Ncmsgn,OB,,,
заместитель,главы,заместитель,глава,Ncmsny,Ncmsgy,KIN-SOC,,,
главы,администрации,глава,администрация,Ncmsgy,Ncfsgn,MB,,,
администрации,президента,администрация,президент,Ncfsgn,Ncmsgy,MB,,,
руководитель,отделения,руководитель,отделение,Ncmsny,Ncnsgn,MB,,,
профессор,биофизики,профессор,биофизик,Ncmsny,Ncfsgn,ATR,,,
отеделения,рентгенологии,отеделение,рентгенология,Ncnsgn,Ncfsgn,ATR,,,
отец,малыша,отец,малыш,Ncmsny,Ncmsgy,KIN-SOC,,,
адвокат,дьявола,адвокат,дьявол,Ncmsny,Ncmsgy,KIN-SOC,,,
директор,"""би-би-си""",директор,"""би-би-си""",Ncmsny,Ncfsnn,MB,,,
похищении,экспедитора,похищение,экспедитор,Ncnsln,Ncmsay,OB,,,
экспедитора,компании,экспедитор,компания,Ncmsay,Ncfsgn,MB,,,
обязанности,тренера,обязанность,тренер,Ncfpan,Ncmsgy,ATR,,,
директор,клуба,директор,клуб,Ncmsny,Ncmsgn,MB,,,
вещи,отца,вещий,отец,Ncfpan,Ncmsgy,POS,,,
некорректность,высказываний,некорректность,высказывание,Ncfsnn,Ncpgn,PAR,,,
женой,офицера,жена,офицер,Ncfsiy,Ncmsgy,KIN-SOC,,,
подробности,задержания,подробность,задержание,Ncfpan,Ncnsgn,ATR,,,
обозреватель,"""кп""",обозреватель,"""кп""",Ncmsny,Ncmsnn,MB,,,
друг,человека,друг,человек,Ncmsny,Ncmsgy,KIN-SOC,,,
поручению,губернатора,поручение,губернатор,Ncnsdn,Ncmsgy,SAG,,,
подбором,площадок,подбор,площадка,Ncnsin,Ncfpgn,OB,,,
зампред,правительства,зампред,правительство,Ncmsny,Ncmsgn,MB,,,
рекомендациям,комиссии,рекомендация,комиссия,Ncfpdn,Ncfsgn,SAG,,,
приходом,тренера,приход,тренер,Ncmsin,Ncmsgn,SAG,,,
советник,председателя,советник,председатель,Ncmsny,Ncmsgy,KIN-SOC,,,
председателя,комитета,председатель,комитет,Ncmsgy,Ncmsgn,MB,,,
друг,ребенка,друг,ребёнок,Ncmsny,Ncmsgy,KIN-SOC,,,
добыча,омуля,добыча,омуль,Ncfsnn,Ncmsgy,OB,,,
помощник,руководителя,помощник,руководитель,Ncmsny,Ncmsgy,KIN-SOC,,,
жалобы,приморцев,жалоба,приморец,Ncfpan,Ncmpgy,SAG,,,
действия,команды,действие,команда,Ncfpan,Ncfsgy,SAG,,,
его,популярности,он,популярность,P-----a,Ncfsgn,PAR,,,
владельца,стадиона,владелец,стадион,Ncmsgy,Ncmsgn,POS,,,
моей,деятельности,мой,деятельность,P-----a,Ncfsgn,SAG,,,
телефонов,граждан,телефон,гражданин,Ncmpgn,Ncmpgy,POS,,,
моей,работе,мой,работа,P-----a,Ncfsln,SAG,,,
оценки,работы,оценка,работа,Ncfsgn,Ncfsgn,OB,,,
фамилии,присутствующих,фамилия,присутствующий,Ncfsgn,Afpmpgf,POS,,,
адвокат,сержанта,адвокат,сержант,Ncmsny,Ncmsgy,KIN-SOC,,,
власть,землевладельца,власть,землевладелец,Ncfsnn,Ncmsgy,SAG,,,
разрешения,хозяина,разрешение,хозяин,Ncnsgn,Ncmsgy,SAG,,,
содержание,архиерея,содержание,архиерей,Ncnsan,Ncmsgy,OB,,,
наша,ставка,наш,ставка,P-snfna,Ncfsnn,POS,,,
своими,войсками,свой,войско,P---pia,Ncnpin,POS,,,
кресло,главы,кресло,глава,Ncnsan,Ncmsgy,POS,,,
главы,района,глава,район,Ncmsgy,Ncmsgn,MB,,,
проведения,агитации,проведение,агитация,Ncnsgn,Ncfsgn,OB,,,
журналист,телеканала,журналист,телеканал,Ncmsny,Ncmsgy,MB,,,
встречу,начальника,встреча,начальник,Ncfsan,Ncmsgy,SAG,,,
начальника,отдела,начальник,отдел,Ncmsgy,Ncmsgn,MB,,,
отдела,прокуратуры,отдел,прокуратура,Ncmsgn,Ncfsgn,WH,,,
съемках,программы,съёмка,программа,Ncfpln,Ncfsgn,OB,,,
преследования,гражданина,преследование,гражданин,Ncnsgn,Ncmsgy,OB,,,
обнаружения,имущества,обнаружение,имущество,Ncnsgn,Ncnsgn,OB,,,
партнер,компании,партнёр,компания,Ncmsny,Ncfsgn,KIN-SOC,,,
объяснения,редактора,объяснение,редактор,Ncnsgn,Ncmsgy,SAG,,,
промах,редакции,промах,редакция,Ncmsnn,Ncfsgn,SAG,,,
исполнителей,злодеяния,исполнитель,злодеяние,Ncmpgy,Ncfsgn,OB',,,
кара,аллаха,кара,аллах,Ncfsnn,Ncmsgy,SAG,,,
накопления,человека,накопление,человек,Ncnpnn,Ncmsgy,POS,,,
заседании,комиссии,заседание,комиссия,Ncnsln,Ncfsgn,SAG,,,
комиссии,области,комиссия,область,Ncfsgn,Ncfsgn,ATR,,,
заместитель,комиссара,заместитель,комиссар,Ncmsny,Ncmsgy,KIN-SOC,,,
комиссара,области,комиссар,область,Ncmsgy,Ncfsgn,MB,,,
начальник,отдела,начальник,отдел,Ncmsny,Ncmsgn,MB,,,
отдела,призыва,отдел,призыв,Ncmsgn,Ncmsgn,WH,,,
утверждение,президента,утверждение,президент,Ncnsan,Ncmsgy,SAG,,,
состав,правительства,состав,правительство,Ncmsan,Ncnsgn,PAR,,,
листы,директора,лист,директор,Ncmpan,Ncmsgy,POS,,,
место,афганистана,место,афганистан,Ncnsan,Npmsgn,POS,,,
родственник,вице-премьера,родственник,вице-премьер,Ncmsny,Ncmsgy,KIN-SOC,,,
экранизацией,произведений,экранизация,произведение,Ncfsin,Ncnpgn,OB,,,
племянник,чародея,племянник,чародей,Ncmsny,Ncmsgy,KIN-SOC,,,
платежи,покупателя,платёж,покупатель,Ncmpan,Ncmsgy,SAG,,,
представителя,племени,представитель,племя,Ncmsgy,Ncnsgn,MB,,,
особенности,охоты,особенность,охота,Ncfpnn,Ncfsgn,PAR,,,
поиск,донора,поиск,донор,Ncmsan,Ncmsgy,OB,,,
опеку,парня,опека,парень,Ncfsan,Ncmsgy,SAG,,,
отец,живописца,отец,живописец,Ncmsny,Ncmsgy,KIN-SOC,,,
консолидация,усилий,консолидация,усилие,Ncfsnn,Ncnpgn,OB,,,
работа,групп,работа,группа,Ncfsnn,Ncfpgn,SAG,,,
строительство,домов,строительство,дом,Ncnsnn,Ncmpgn,OB,,,
заместитель,председателя,заместитель,председатель,Ncmsny,Ncmsgy,KIN-SOC,,,
председателя,правительства,председатель,правительство,Ncmsgy,Ncnsgn,MB,,,
директором,департамента,директор,департамент,Ncmsiy,Ncmsgn,MB,,,
департамента,мчс,департамент,мчс,Ncmsgn,Ncnsgn,WH,,,
управления,защиты,управление,защита,Nsnsgn,Nsfsgn,OB,,,
защиты,информации,защита,информация,Nsfsgn,Ncfsgn,OB,,,
обеспечения,безопасности,обеспечение,безопасность,Nsnsgn,Ncfsgn,OB,,,
безопасности,работ,безопасность,работа,Ncfsgn,Ncfpgn,PAR,,,
работ,ведомства,работа,ведомство,Ncfpgn,Ncnsgn,SAG,,,
подписание,соглашения,подписание,соглашение,Ncnsnn,Ncnsgn,OB,,,
глава,мид,глава,мид,Ncmsny,Ncnsgn,MB,,,
президенте,рф,президент,рф,Ncmsly,Ncfsgn,MB,,,
вдова,артиста,вдова,артист,Ncfsnn,Ncmsgy,KIN-SOC,,,
состояние,его,состояние,он,Ncnsan,P-3msan,PAR,,,
тяжесть,течения,тяжесть,течение,Ncnsan,Ncnsgn,PAR,,,
течения,заболевания,течение,заболевание,Ncnsgn,Ncnsgn,PAR,,,
мужем,людмилы,муж,людмила,Ncmsiy,Npfsgy,KIN-SOC,,,
отбор,автомобилей,отбор,автомобиль,Ncmsan,Ncmpgn,OB,,,
имени,производителей,имя,производитель,Ncnsgn,Ncmpgy,POS,,,
папа,первоклассника,папа,первоклассник,Ncmsny,Nsmcgy,KIN-SOC,,,
ворот,соперника,ворота,соперник,Ncmpgn,Ncmsgy,POS,,,
лидер,боевиков,лидер,боевик,Ncmsny,Ncmpgy,MB,,,
гибели,садиста,гибель,садист,Ncfsgn,Ncmsgy,SPA,,,
здоровье,человека,здоровье,человек,Ncnsan,Ncmsgy,PAR,,,
мама,чемпиона,мама,чемпион,Ncfsny,Ncmsgy,KIN-SOC,,,
учеником,города,ученик,город,Ncmsiy,Ncmsgn,MB,,,
приятель,героя,приятель,герой,Ncmsny,Ncmsgy,KIN-SOC,,,
возбуждение,дела,возбуждение,дело,Ncnsan,Ncnsgn,OB,,,
соучастник,побега,соучастник,побег,Ncmsny,Ncmsgn,SAG,,,
норме,площади,норма,площадь,Ncnsdn,Ncfsgn,ATR,,,
родители,собственника,родитель,собственник,Ncmpny,Ncmsgy,KIN-SOC,,,
неисполнение,требований,неисполнение,требование,Ncnsan,Ncnpgn,OB,,,
благосклонностью,вора,благосклонность,вор,Ncfsin,Ncmsgy,PAR,,,
офис,агенства,офис,агенство,Ncmsan,Ncfsgn,POS,,,
заключение,договора,заключение,договор,Ncnsnn,Ncmsgn,OB,,,
город,проживания,город,проживание,Ncmsan,Ncnsgn,ATR,,,
место,работы,место,работа,Ncnsan,Ncfsgn,ATR,,,
знак,одобрения,знак,одобрение,Ncmsan,Ncnsgn,ATR,,,
одобрения,слов,одобрение,слово,Ncnsgn,Ncnpgn,OB,,,
пресс-секретарь,главы,пресс-секретарь,глава,Ncmsgy,Ncmsgy,KIN-SOC,,,
главы,правительства,глава,правительство,Ncmsgy,Ncnsgn,MB,,,
время,программы,время,программа,Ncnsan,Ncnsgn,ATR,,,
сын,наследника,сын,наследник,Ncmsny,Ncmsgy,KIN-SOC,,,
наследника,престола,наследник,престол,Ncmsgy,Ncmsgn,ATR,,,
строительства,дворца,строительство,дворец,Ncnsgn,Ncmsgn,OB,,,
установлении,навязывания,установление,навязывание,Ncnsin,Ncnsgn,OB,,,
невыгодность,условия,невыгодность,условие,Ncfsnn,Ncnsgn,PAR,,,
вице-президент,центра,вице-президент,центр,Ncfsnn,Ncnsgn,PAR,,,
центра,технологий,центр,технология,Ncmsny,Ncmsgn,MB,,,
помиловании,михаила,помилование,михаил,Ncnsln,Npmsgy,ATR,,,
правления,медведева,правление,медведев,Ncnsln,Npmsgy,OB,,,
срока,правления,срок,правление,Ncmsgn,Ncmsgy,SAG,,,
пагубности,застоя,пагубность,застой,Ncfsgn,Ncnsgn,ATR,,,
пользе,образования,польза,образование,Ncfsgn,Ncmsgn,PAR,,,
наступления,кризиса,наступление,кризис,Ncnsgn,Ncmsgn,PAR,,,
проведении,политики,проведение,политика,Ncnsgln,Ncfsgn,OB,,,
благах,роста,благо,рост,Ncfsnn,Ncmpgy,PAR,,,
полпред,президента,полпред,президент,Ncmsny,Ncmsgy,KIN-SOC,,,
президента,рф,президент,рф,Ncmsgy,Ncfsgn,MB,,,
характеристику,развития,характеристика,развитие,Ncfsdn,Ncnsgn,PAR,,,
развития,комплекса,развитие,комплекс,Ncnsgn,Ncmsgn,SPA,,,
церемонии,вручения,церемония,вручение,Ncfsln,Ncnsgn,ATR,,,
вручения,премий,вручение,премия,Ncnsgn,Ncfpgn,OB,,,
заместитель,председателя,заместитель,председатель,Ncmsny,Ncmsgy,KIN-SOC,,,
председателя,правительства,председатель,правительство,Ncmsgy,Ncnsgn,MB,,,
министр,экономики,министр,экономика,Ncmsny,Ncfsgn,ATR,,,
министр,образования,министр,образование,Ncmsny,Ncnsgn,ATR,,,
ректор,университета,ректор,университет,Ncmsny,Ncmsgn,MB,,,
поклонники,булгагова,поклонник,булгагов,Ncmpny,Npmsgy,KIN-SOC,,,
убийство,журавля,убийство,журавль,Ncnsan,Ncmsgy,OB,,,
действия,водителя,действие,водитель,Ncnpan,Ncmsgy,SAG,,,
особенностей,подростка,особенность,подросток,Ncfsgn,Ncmsgy,PAR,,,
машине,помощи,машина,помощь,Ncfsln,Ncfsgn,ATR,,,
враг,врага,враг,враг,Ncmsny,Ncmsgy,KIN-SOC,,,
премьер,рф,премьер,рф,Ncmsny,Ncfsgn,MB,,,
увольнения,чиновников,увольнение,чиновник,Ncnsgn,Ncmpgy,OB,,,
брат,форварда,брат,форвард,Ncmsny,Ncmsgy,KIN-SOC,,,
покровитель,ваенги,покровитель,ваенга,Ncmsny,Npfsgy,KIN-SOC,,,
состояние,мэра,состояние,мэр,Ncnsnn,Ncmsgy,PAR,,,
задержании,его,задержание,он,Ncnsln,P-3msgy,OB,,,
материалам,комиссии,материал,комиссия,Ncmpdn,Ncfsgn,POS,,,
реакцию,пассажира,реакция,пассажир,Ncfsan,Ncmsgy,SAG,,,
дверь,кабинета,дверь,кабинет,Ncfsan,Ncmsgn,WH,,,
кабинета,начальника,кабинет,начальник,Ncmsgn,Ncmsgy,POS,,,
образа,полковника,образ,полковник,Ncmsgn,Npmsgy,PAR,,,
вопросы,неравенста,вопрос,неравенст,Ncmpnn,Ncnsgn,ATR,,,
пример,человека,пример,человек,Ncmsnn,Ncmsgy,ATR,,,
возведением,недвижимости,возведение,недвижимость,Ncnsin,Ncfsgn,OB,,,
восстановление,сектора,восстановление,сектор,Ncnsan,Ncmsgn,OB,,,
доме,ребенка,дом,ребёнок,Ncmsln,Ncmsgy,ATR,,,
труд,врача,труд,врач,Ncmsnn,Ncmsgy,SAG,,,
супруга,чемпиона,супруг,чемпион,Ncfsny,Ncmsgy,KIN-SOC,,,
член,комитета,член,комитет,Ncmsny,Ncmsgn,MB,,,
здоровья,человека,здоровье,человек,Ncnsgn,Ncmsgy,PAR,,,
распространении,клеветы,распространение,клевета,Ncnsgn,Ncfsgn,OB,,,
шафером,принца,шафер,принц,Ncmsiy,Ncmsgy,KIN-SOC,,,
юрист,партии,юрист,партия,Ncmsny,Ncfsgn,MB,,,
реализации,проекта,реализация,проект,Ncfsgn,Ncmsgn,OB,,,
проекта,национализации,проект,национализация,Ncmsgn,Ncfsgn,ATR,,,
вопрос,увеличения,вопрос,увеличение,Ncmsan,Ncnsgn,ATR,,,
увеличения,размера,увеличение,размер,Ncnsgn,Ncmsgn,OB,,,
размера,выплаты,размер,выплата,Ncmsgn,Ncfsgn,PAR,,,
заместитель,министра,заместитель,министр,Ncmsny,Ncmsgy,KIN-SOC,,,
переселение,объектов,переселение,объект,Ncnsan,Ncmpgn,OB,,,
объектов,назначения,объект,назначение,Ncmpgn,Ncnsgn,PAR,,,
решение,задач,решение,задача,Ncnsan,Ncfpgn,OB,,,
развитие,туризма,развитие,туризм,Ncnsan,Ncmsgn,SPA,,,
министра,развития,министр,развитие,Ncmsgy,Ncnsgn,ATR,,,
качествами,руководителя,качество,руководитель,Ncnpin,Ncmsgy,PAR,,,
глава,государства,глава,государство,Ncmsny,Ncnsgn,MB,,,
идею,неравенста,идея,неравенст,Ncfsan,Ncnsgn,ATR,,,
портрету,мздоимца,портрет,мздоимец,Ncmsdn,Ncmsgy,OB',,,
комбинат,хлебопродуктов,комбинат,хлебопродукт,Ncmsnn,Ncmpgn,ATR,,,
отставки,премьера,отставка,премьера,Ncfsgn,Ncmsgy,OB,,,
бог,сна,бог,сон,Ncmsny,Ncmsgn,ATR,,,
вирус,герпеса,вирус,герпес,Ncmsnn,Ncmsgn,ATR,,,
клетку,человека,клетка,человек,Ncfsan,Ncmsgy,WH,,,
ассистент,балетмейстера,ассистент,балетмейстер,Ncmsny,Ncmsgy,KIN-SOC,,,
балетмейстера,театра,балетмейстер,театр,Ncmsgy,Ncmsgn,MB,,,
театра,комедии,театр,комедия,Ncmsgn,Ncfsgn,ATR,,,
права,владелицы,право,владелица,Ncnpan,Ncfsgy,POS,,,
владелицы,авто,владелица,авто,Ncfsgy,Ncnsgn,POS,,,
характеры,принца,характер,принц,Ncmpan,Ncmsgy,PAR,,,
подготовке,статьи,подготовка,статья,Ncfskn,Ncfsgn,OB,,,
реформе,хозяйства,реформа,хозяйство,Ncfsln,Ncnsgn,OB,,,
участием,лыжника,участие,лыжник,Ncnsin,Ncmsgy,SAG,,,
хозяйства,области,хозяйство,область,Ncnsgn,Ncfsgn,POS,,,
сын,олигарха,сын,олигарх,Ncmsny,Ncmsgy,KIN-SOC,,,
восстание,рабов,восстание,раб,Ncnsan,Ncmpgy,SAG,,,
руководством,спартака,руководство,спартак,Ncnsin,Npmsgy,SAG,,,
репутацию,человека,репутация,человек,Ncfsan,Ncmsgy,ATR,,,
совращении,жрицы-весталки,совращение,жрица-весталка,Ncnsln,Ncfsgy,OB,,,
покупке,участка,покупка,участок,Ncfsln,Ncmsgn,OB,,,
защитой,капитана,защита,капитан,Ncfsin,Ncmsgy,OB,,,
мастерство,актера,мастерство,актёр,Ncnsnn,Ncmsgy,PAR,,,
снимки,стороны,снимка,сторона,Ncmpnn,Ncfsgn,OB',,,
стороны,луны,сторона,луна,Ncfsgn,Ncfsgn,WH,,,
полет,женщины-космонавта,полёт,женщина-космонавт,Ncmsnn,Ncmsgy,SAG,,,
выход,человека,выход,человек,Ncmsnn,Ncmsgy,SAG,,,
должность,шеф-повара,должность,шеф-повар,Ncfsan,Ncmsgy,ATR,,,
условиям,конкурса,условие,конкурс,Ncnpdn,Ncmsgn,PAR,,,
прохождении,конкурса,прохождение,конкурс,Ncnsln,Ncmsgn,OB,,,
подельники,вора,подельник,вор,Ncmpny,Ncmsgy,KIN-SOC,,,
открытость,частей,открытость,часть,Ncfsnn,Ncfpgn,PAR,,,
член,совета,член,совет,Ncmsny,Ncmsgn,MB,,,
президенте,рф,президент,рф,Ncmsly,Ncfsgn,MB,,,
институтов,общества,институт,общество,Ncmpgn,Ncnsgn,ATR,,,
правам,человека,право,человек,Ncnpdn,Ncmsgy,ATR,,,
защитник,отечества,защитник,отечество,Ncmsny,Ncnsgn,OB,,,
план,работы,план,работа,Ncmsan,Ncfsgn,ATR,,,
профессор,кафедры,профессор,кафедра,Ncmsny,Ncfsgn,MB,,,
кафедры,физиологии,кафедра,физиология,Ncfsgn,Ncfsgn,ATR,,,
физиологии,человека,физиология,человек,Ncfsgn,Ncmsgy,PAR,,,
кафедры,факультета,кафедра,факультет,Ncfsgn,Ncmsgn,WH,,,
факультета,мгу,факультет,мгу,Ncmsgn,Ncmsgn,WH,,,
величины,лотов,величина,лотовый,Ncfsgn,Ncmpgn,PAR,,,
идею,отмены,идея,отмена,Ncfsan,Ncfsgn,ATR,,,
отмены,выборов,отмена,выбор,Ncfsgn,Ncmpgn,OB,,,
выборов,мэра,выбор,мэр,Ncmpgn,Ncmsgy,OB,,,
мэра,владивостока,мэр,владивосток,Ncmsgy,Npmsgn,MB,,,
пикетом,протеста,пикет,протест,Ncmsin,Ncmsgn,ATR,,,
здания,думы,здание,дума,Ncnsgn,Ncfsgn,ATR,,,
степень,лояльности,степень,лояльность,Ncfsnn,Ncfsgn,PAR,,,
лояльности,арендодателя,лояльность,арендодатель,Ncfsgn,Ncmsgy,PAR,,,
собственник,бизнес-центра,собственник,бизнес-центр,Ncmsny,Ncmsgn,POS,,,
права,расторжения,право,расторжение,Ncnsgn,Ncnsgn,ATR,,,
регистрации,ребенка,регистрация,ребёнок,Ncfsln,Ncmsgy,OB,,,
органах,загса,орган,загс,Ncmpln,Ncmsgn,WH,,,
получение,квартиры,получение,квартира,Ncnsan,Ncfsgn,OB,,,
губернатор,края,губернатор,край,Ncmsny,Ncmsgn,MB,,,
посещение,красноярска,посещение,красноярск,Ncnsnn,Ncmsgn,OB,,,
пресс-секретарь,премьера,пресс-секретарь,премьера,Ncmsny,Ncmsgy,KIN-SOC,,,
гендиректор,агенства,гендиректор,агенство,Ncmsny,Ncnsgn,MB,,,
агенства,недвижимости,агенство,недвижимость,Ncnsgn,Ncfsgn,ATR,,,
возведением,стен,возведение,стена,Ncnsin,Ncfpgn,OB,,,
историю,семьи,история,семья,Ncfsan,Ncfsgn,ATR,,,
срезе,войны,срез,война,Ncmsln,Ncfsgn,WH,,,
родителей,парня,родитель,парень,Ncmpay,Ncmsgy,KIN-SOC,,,
комитет,нацбезопасности,комитет,нацбезопасность,Ncmsan,Ncfsgn,ATR,,,
отказ,москвы,отказ,москва,Ncmsnn,Ncfsgn,SAG,,,
отставку,максюты,отставка,максюта,Ncfsan,Npmsgy,OB,,,
поста,члена,пост,член,Ncmsgn,Ncmsgy,ATR,,,
члена,совета,член,совет,Ncmsgy,Ncmsgn,MB,,,
партии,зюганова,партия,зюганов,Ncfsln,Npmsgy,MB,,,
список,кпрф,список,кпрф,Ncmsan,Ncfsgn,ATR,,,
пол,ребенка,половина,ребёнок,Ncmsan,Ncmsgy,PAR,,,
возрастом,женщины,возраст,женщина,Ncmsin,Ncfsgy,PAR,,,
место,происшествия,место,происшествие,Ncnsan,Ncnsgn,ATR,,,
заместитель,прокурора,заместитель,прокурор,Ncmsny,Ncmsgy,KIN-SOC,,,
прокурора,рф,прокурор,рф,Ncmsgy,Ncfsgn,MB,,,
зависимость,художника,зависимость,художник,Ncfsnn,Ncmsgy,ATR,,,
развития,капитализма,развитие,капитализм,Ncnsgn,Ncmsgn,SPA,,,
роста,класса,рост,класс,Ncmsgn,Ncmsgn,SPA,,,
класса,буржуазии,класс,буржуазия,Ncmsgn,Ncfsgn,ATR,,,
глава,государства,глава,государство,Ncmsny,Ncnsgn,MB,,,
уровень,конкуренции,уровень,конкуренция,Ncmsan,Ncfsgn,PAR,,,
роль,наблюдателя,роль,наблюдатель,Ncfsnn,Ncmsgy,ATR,,,
совершенствование,эффективности,совершенствование,эффективность,Ncnsan,Ncfsgn,OB,,,
эффективности,работы,эффективность,работа,Ncfsgn,Ncfsgn,PAR,,,
работы,гэс,работа,гэс,Ncfsgn,Ncfsgn,SAG,,,
отдела,развития,отдел,развитие,Ncmsgn,Ncnsgn,ATR,,,
специалист,отдела,специалист,отдел,Ncmsny,Ncmsgn,MB,,,
обладатель,кубка,обладатель,кубок,Ncmsny,Ncmsgn,POS,,,
выборе,эмитента,выбор,эмитент,Ncmsln,Ncmsgy,OB,,,
продолжительность,grace-периода,продолжительность,grace-период,Ncfsan,Ncmsgn,PAR,,,
чувство,неловкости,чувство,неловкость,Ncnsnn,Ncfsgn,ATR,,,
достижение,короля,достижение,король,Ncnsnn,Ncmsgy,SAG,,,
джип,маршала,джип,маршал,Ncmsnn,Ncmsgy,POS,,,
удаления,полузащитника,удаление,полузащитник,Ncnsgn,Ncmsgn,OB,,,
правоту,решения,правота,решение,Ncfsan,Ncnsgn,PAR,,,
тренер,фк,тренер,фк,Ncmsny,Ncfsnn,OB',,,
регулирование,тарифов,регулирование,тариф,Ncnsnn,Ncmpgn,OB,,,
компетенции,властей,компетенция,власть,Ncfsdn,Ncfpgn,PAR,,,
моделирование,ситуации,моделирование,ситуация,Ncnsnn,Ncfsgn,OB,,,
ситуации,перехода,ситуация,переход,Ncfsgn,Ncmsgn,ATR,,,
методом,гипокинезии,метод,гипокинезия,Ncmsin,Ncfsgn,ATR,,,
программе,исследований,программа,исследование,Ncfsdn,Ncnpgn,ATR,,,
реализации,устройств,реализация,устройство,Ncfsln,Ncnpgn,OB,,,
целью,использования,цель,использование,Ncfsin,Ncnsgn,ATR,,,
мать,ученого,мать,учёный,Ncfsny,Ncmsgy,KIN-SOC,,,
нужды,человека,нужда,человек,Ncfpnn,Ncmsgy,SPA,,,
удовлетворения,потребности,удовлетворение,потребность,Ncnsgn,Ncfsgn,OB,,,
проводник,помощи,проводник,помощь,Ncmsny,Ncfsgn,OB',,,
измены,мужа,измена,муж,Ncfsgn,Ncmsgy,SAG,,,
почве,измены,почва,измена,Ncfsln,Ncfsgn,ATR,,,
использование,материалов,использование,материал,Ncnsan,Ncmpgn,OB,,,
нарушение,процедуры,нарушение,процедура,Ncnsnn,Ncfsgn,OB,,,
процедуры,проведения,процедура,проведение,Ncfsgn,Ncnsgn,ATR,,,
проведения,егэ,проведение,егэ,Ncnsgn,Ncmsgn,OB,,,
способностях,психолога,способность,психолог,Ncfpln,Ncmsgy,ATR,,,
остатки,мира,остаток,мир,Ncmpan,Ncmsgn,WH,,,
духе,оперы,дух,опера,Ncmsln,Ncfsgn,ATR,,,
продвижение,продукта,продвижение,продукт,Ncnsan,Ncmsgn,OB,,,
протекция,супруги,протекция,супруга,Ncfsnn,Ncfsgy,SAG,,,
супруги,главы,супруга,глава,Ncfsnn,Ncmsgy,KIN-SOC,,,
главы,государства,глава,государство,Ncmsgy,Ncnsgn,MB,,,
причиной,награждения,причина,награждение,Ncfsin,Ncnsgn,ATR,,,
награждения,михайлова,награждение,михайлов,Ncnsgn,Npmsgy,OB,,,
развития,образования,развитие,образование,Ncnsgn,Ncnsgn,SPA,,,
повышения,престижа,повышение,престиж,Ncnsgn,Ncmsgn,SPA,,,
престижа,профессии,престиж,профессия,Ncmsgn,Ncfsgn,PAR,,,
изгнанию,дьявола,изгнание,дьявол,Ncnsdn,Ncmsgy,OB,,,
вес,ведра,вес,вёдро,Ncmsnn,Ncnsgn,PAR,,,
сайте,бизнесмена,сайт,бизнесмен,Ncmsln,Ncmsgy,POS,,,
манера,поведения,манер,поведение,Ncfsnn,Ncnsgn,ATR,,,
поведения,саркози,поведение,саркози,Ncnsgn,Npmsny,SAG,,,
происхождением,главы,происхождение,глава,Ncnsin,Ncmsgy,SPA,,,
главы,государства,глава,государство,Ncmsgy,Ncnsgn,MB,,,
типу,наблюдения,тип,наблюдение,Ncmsdn,Ncnsgn,PAR,,,
назначения,лечения,назначение,лечение,Ncnsgn,Ncnsgn,OB,,,
объема,информации,объём,информация,Ncmsgn,Ncfsgn,PAR,,,
коллеги,вдовца,коллега,вдовец,Nccpny,Ncmsgy,KIN-SOC,,,
графики,ремонта,графика,ремонт,Ncmpan,Ncmsgn,ATR,,,
ремонта,оборудования,ремонт,оборудование,Ncmsgn,Ncnsgn,OB,,,
перетоки,мощностей,переток,мощность,Ncfsgn,Ncfpgn,SPA,,,
недостатке,мощности,недостаток,мощность,Ncmsln,Ncfsgn,SPA,,,
способ,наказания,способ,наказание,Ncmsan,Ncnsgn,ATR,,,
наказания,человека,наказание,человек,Ncnsgn,Ncmsgy,OB,,,
постели,больного,постель,больной,Ncfsgn,Ncmsgy,POS,,,
эксперта,центра,эксперт,центр,Ncmsgy,Ncmsgn,MB,,,
представитель,администрации,представитель,администрация,Ncmsnny,Ncfsgn,MB,,,
администрации,президента,администрация,президент,Ncfsgn,Ncmsgy,MB,,,
президента,рф,президент,рф,Ncmsgy,Npfsgn,MB,,,
принятия,указа,принятие,указ,Ncfsgn,Ncmsgn,OB,,,
недостатки,оказания,недостаток,оказание,Ncmpnn,Ncmpnn,PAR,,,
оказания,медпомощи,оказание,медпомощь,Ncnsgn,Ncfsgn,OB,,,
палату,терапии,палата,терапия,Ncfsan,Ncfsgn,ATR,,,
защиты,мозга,защита,мозг,Ncfsgn,Ncmsgn,OB,,,
часть,вычета,часть,вычет,Ncfsan,Ncmsgn,WH,,,
долю,ребенка,доля,ребёнок,Ncfsan,Ncmsgy,POS,,,
выработку,кислоты,выработка,кислота,Ncfsan,Ncfsgn,OB,,,
сферу,отношений,сфера,отношение,Ncfsan,Ncnpgn,ATR,,,
репутацию,администратора,репутация,администратор,Ncfsan,Ncmsgy,ATR,,,
опыт,работы,опыт,работа,Ncmsan,Ncfsgn,ATR,,,
собственников,компании,собственник,компания,Ncmpgy,Ncfsgn,POS,,,
представитель,президента,представитель,президент,Ncmsny,Ncmsgy,KIN-SOC,,,
рейтинг,медиаактивности,рейтинг,медиаактивность,Ncmsan,Ncfsgn,ATR,,,
адвокат,летчика,адвокат,лётчик,Ncmsny,Ncmsgy,KIN-SOC,,,
оглашения,приговора,оглашение,приговор,Ncnsgn,Ncmsgn,OB,,,
заседании,коллегии,заседание,коллегия,Ncnsln,Ncfsgn,SAG,,,
коллегии,рыболовства,коллегия,рыболовство,Ncfsgn,Ncnsgn,ATR,,,
заместитель,председателя,заместитель,председатель,Ncmsny,Ncmsgn,KIN-SOC,,,
председателя,правительства,председатель,правительство,Ncmsgy,Ncnsgn,MB,,,
проблемам,рынка,проблема,рынок,Ncfpdn,Ncnsgn,ATR,,,
рынка,продукции,рынок,продукция,Ncmsgn,Ncfsgn,ATR,,,
грех,родителей,грех,родитель,Ncmsan,Ncmpgy,SAG,,,
первенца,адама,первенец,адам,Ncmsgy,Npmsgy,KIN-SOC,,,
вопросам,обеспечения,вопрос,обеспечение,Ncmpdn,Ncnsgn,ATR,,,
обеспечения,безопасности,обеспечение,безопасность,Ncnsgn,Ncfsgn,OB,,,
возбудителя,колебаний,возбудитель,колебание,Ncmsgy,Ncnpgn,OB',,,
воспитанник,тренера,воспитанник,тренер,Ncmsny,Ncmsgy,OB',,,
арест,основателя,арест,основатель,Ncmsan,Ncmsgy,OB,,,
основателя,wikileaks,основатель,wikileaks,Ncmsgy,Npfsgn,OB',,,
изнасиловании,шведок,изнасилование,шведка,Ncnsln,Ncfpgy,OB,,,
коэффициент,конверсии,коэффициент,конверсия,Ncmsnn,Ncfsgn,PAR,,,
цена,контакта,цена,контакт,Ncfsnn,Ncmsgn,PAR,,,
стоимость,привлечения,стоимость,привлечение,Ncfsnn,Ncnsgn,PAR,,,
совладелец,sms media,совладелец,sms media,Ncmsny,Npfsgn,POS,,,
привлечения,клиента,привлечение,клиент,Ncfsgn,Ncmsgy,OB,,,
инициаторами,поправок,инициатор,поправка,Ncmpiy,Ncfpgn,OB',,,
участника,совета,участник,совет,Ncmsgy,Ncmsgn,MB,,,
профилактики,законодательства,профилактика,законодательство,Ncfsgn,Ncnsgn,OB,,,
категориям,граждан,категория,гражданин,Ncfpdn,Ncmpgy,PAR,,,
назначении,сенатора,назначение,сенатор,Ncnsgn,Ncmsgy,OB,,,
рассмотрение,собрания,рассмотрение,собрание,Ncnsan,Ncnsgn,SAG,,,
проект,бюджета,проект,бюджет,Ncnsan,Ncmsgn,ATR,,,
ведущего,церемонии,ведущий,церемония,Ncmsan,Ncfsgn,OB',,,
церемонии,бракосочетания,церемония,бракосочетание,Ncfsgn,Ncnsgn,ATR,,,
минуты,молчания,минута,молчание,Ncfsgn,Ncnsgn,ATR,,,
брата,убийцы,брат,убийца,Ncmsgn,Nccsgy,KIN-SOC,,,
количество,зрителей,количество,зритель,Ncnsnn,Ncmpgy,PAR,,,
друг,борца,друг,борец,Ncmsny,Ncmsgy,KIN-SOC,,,
центр,подготовки,центр,подготовка,Ncnsan,Ncfsgn,ATR,,,
дочери,секретаря,дочь,секретарить,Ncfsln,Ncmsgy,KIN-SOC,,,
секретаря,цк,секретарить,цк,Ncmsgy,Ncmsgn,MB,,,
типов,сделок,тип,сделка,Ncmpgn,Ncfpgn,PAR,,,
истории,агента,история,агент,Ncfsgn,Ncmsgy,ATR,,,
типе,учителя,тип,учитель,Ncmsgn,Ncmsgy,PAR,,,
основатель,гимназии,основатель,гимназия,Ncmsny,Ncfsgn,OB',,,
страхование,имущества,страхование,имущество,Ncnsan,Ncnsnn,OB,,,
заместитель,гендиректора,заместитель,гендиректор,Ncmsny,Ncmsgy,KIN-SOC,,,
помощник,прокурора,помощник,прокурор,Ncmsny,Ncmsgy,KIN-SOC,,,
методе,мошенничества,метод,мошенничество,Ncmsgn,Ncnsgn,ATR,,,
оказании,услуг,оказание,услуга,Ncnsnn,Ncfpgn,OB,,,
перепродаже,лекарств,перепродажа,лекарство,Ncfsgn,Ncnpgn,OB,,,
прорыве,блокады,прорыв,блокада,Ncmsln,Ncfsgn,OB,,,
блокады,ленинграда,блокада,ленинград,Ncfsgn,Npmsgn,OB,,,
введении,ответственности,введение,ответственность,Ncnsln,Ncfsgn,OB,,,
перестройки,игры,перестройка,игра,Ncfsgn,Ncfsgn,OB,,,
органам,власти,орган,власть,Ncmpdn,Ncgsgn,WH,,,
момент,введения,момент,введение,Ncmsan,Ncnsgn,ATR,,,
введения,системы,введение,система,Ncnsgn,Ncfsgn,OB,,,
системы,оплаты,система,оплата,Ncfsgn,Ncfsgn,ATR,,,
оплаты,труда,оплата,труд,Ncfsgn,Ncmsgn,OB,,,
руководитель,театра,руководитель,театр,Ncmsny,Ncmsgn,OB',,,
бразды,правления,бразда,правление,Ncfpan,Ncnsgn,ATR,,,
повышения,акциза,повышение,акциз,Ncnsgn,Ncmsgn,OB,,,
создание,атмосферы,создание,атмосфера,Ncnsan,Ncfsgn,OB,,,
изложение,пьесы,изложение,пьеса,Ncnsnn,Ncfsgn,OB,,,
ощущение,наслаждения,ощущение,наслаждение,Ncnsan,Ncnsgn,ATR,,,
сопротивление,земляка,сопротивление,земляк,Ncnsan,Ncmsgn,SAG,,,
переходом,россиянки,переход,россиянка,Ncmsin,Ncfsgy,SAG,,,
президента,федерации,президент,федерация,Ncmsgy,Ncfsgn,MB,,,
отбор,идей,отбор,идея,Ncmsnn,Ncfpgn,OB,,,
выделении,финансирования,выделение,финансирование,Ncnsgn,Ncnsgn,OB,,,
уборке,казарм,уборка,казарма,Ncfsln,Ncfpgn,OB,,,
часть,культуры,часть,культура,Ncfsan,Ncfsgn,WH,,,
снятия,скакуна,снятие,скакун,Ncnsgn,Ncmsgy,OB,,,
схему,организации,схема,организация,Ncfsan,Ncfsgn,ATR,,,
организации,работ,организация,работа,Ncfsgn,Ncfpgn,OB,,,
замещение,частей,замещение,часть,Ncnsan,Ncfpdn,OB,,,
частей,моста,часть,мост,Ncfpgn,Ncmsgn,WH,,,
фоторобот,преступника,фоторобот,преступник,Ncmsan,Ncmsgy,OB',,,
проведение,пресс-конференции,проведение,пресс-конференция,Ncnsnn,Ncfsgn,OB,,,
магистр,ордена,магистр,орден,Ncmsny,Ncmsgy,MB,,,
милости,императора,милость,император,Ncfsdn,Ncmsgy,SAG,,,
бегстве,президента,бегство,президент,Ncnsln,Ncmsgy,SAG,,,
продажа,услуг,продажа,услуга,Ncfsnn,Ncfpgn,OB,,,
основа,деятельности,основа,деятельность,Ncfsnn,Ncfsgn,ATR,,,
бабка,мальчика,бабка,мальчик,Ncfsny,Ncmsgy,KIN-SOC,,,
стекло,окна,стекло,окно,Ncnsan,Ncnsgn,WH,,,
просмотр,видеозаписей,просмотр,видеозапись,Ncmsan,Ncfpgn,OB,,,
качества,обслуживания,качество,обслуживание,Ncnsgn,Ncnsgn,PAR,,,
численность,беляка,численность,беляк,Ncfsnn,Ncmsgy,PAR,,,
ящике,стола,ящик,стол,Ncmsln,Ncmsgn,WH,,,
вручение,пеликана,вручение,пеликан,Ncnsnn,Ncmsgy,OB,,,
зале,планетария,зал,планетарий,Ncmsln,Ncmsgn,WH,,,
дознаватель,овд,дознаватель,овд,Ncmsny,Ncmpgn,MB,,,
получения,показаний,получение,показание,Ncnsgn,Ncnpgn,OB,,,
помещении,овд,помещение,овд,Ncnsln,Ncmpgn,WH,,,
старания,парикмахера,старание,парикмахер,Ncnpan,Ncmsgy,SAG,,,
информированию,избирателей,информирование,избиратель,Ncnsdn,Ncmpgy,OB,,,
разрешению,споров,разрешение,споровый,Ncnsdn,Ncmpgn,OB,,,
представителями,партий,представитель,партия,Ncmsiy,Ncfpgn,MB,,,
служении,протоиерея,служение,протоиерей,Ncnsln,Ncmsgy,SAG,,,
представлении,начальника,представление,начальник,Ncnsln,Ncmsgy,OB,,,
вынесения,постановления,вынесение,постановление,Ncnsgn,Ncnsgn,OB,,,
употреблению,алкоголя,употребление,алкоголь,Ncnnsdn,Ncmsgn,OB,,,
бога,медицины,бог,медицина,Ncmsgy,Ncfsgn,ATR,,,
руководитель,группы,руководитель,группа,Ncmsny,Ncfsgn,OB',,,
заместитель,прокурора,заместитель,прокурор,Ncmsny,Ncmsgy,KIN-SOC,,,
неподчинении,окружающих,неподчинение,окружающий,Ncnsln,Ncmpgy,SAG,,,
сказочность,героя,сказочность,герой,Ncfsan,Ncmsgy,PAR,,,
деятельности,органа,деятельность,орган,Ncnsln,Ncmsgn,SAG,,,
органа,самоуправления,орган,самоуправление,Ncmsgn,Ncfsgn,ATR,,,
показателей,эффективности,показатель,эффективность,Ncmpgn,Nccfsgn,PAR,,,
эффективности,деятельности,эффективность,деятельность,Ncfsgn,Ncfsgn,PAR,,,
деятельности,руководителя,деятельность,руководитель,Ncfsgn,Ncmsgy,SAG,,,
корреспондент,"""коммерсанта""",корреспондент,"""коммерсанта""",Ncmsny,Ncmsgn,MB,,,
уровне,правительства,уровень,правительство,Ncmsgn,Ncnsgn,ATR,,,
поиском,инвестора,поиск,инвестор,Ncmsin,Ncmsgy,OB,,,
обороноспособность,государства,обороноспособность,государство,Ncnsan,Ncnsgn,PAR,,,
глубины,осмотра,глубина,осмотр,Ncfsgn,Ncmsgn,PAR,,,
вратарь,сборной,вратарь,сборный,Ncmsny,Ncfsgn,MB,,,
игру,вратаря,игра,вратарь,Ncfsan,Ncmsgy,SAG,,,
управления,роспотребнадзора,управление,роспотребнадзор,Ncnsgn,Ncmsgn,OB',,,
проверки,супермаркетов,проверка,супермаркет,Ncfpan,Ncmpgn,OB,,,
содержании,йода,содержание,йод,Ncnsgn,Ncmsgn,PAR,,,
подвиг,земляка,подвиг,земляк,Ncmsan,Ncmsgy,SAG,,,
награждению,победителей,награждение,победитель,Ncnsdn,Ncmpgy,OB,,,
агент,радулова,агент,радулов,Ncmsny,Npmsgy,KIN-SOC,,,
соперник,армейцев,соперник,армеец,Ncmsny,Ncmpgy,KIN-SOC,,,
командир,"""зубра""",командир,"""зубра""",Ncmsny,Ncmsgn,MB,,,
преимуществах,омона,преимущество,омон,Ncnpln,Ncmsgn,PAR,,,
нанимателем,помещения,наниматель,помещение,Ncmsiy,Ncnsgn,OB',,,
наймодателем,помещения,наймодатель,помещение,Ncmsiy,Ncnsgn,OB',,,
модернизации,гтс,модернизация,гтс,Ncfsln,Ncfsgn,OB,,,
сопредседателя,партии,сопредседатель,партия,Ncmsgy,Ncfsgn,MB,,,
структуру,управления,структура,управление,Ncfsan,Ncnsgn,PAR,,,
самоконтроле,режиссеров,самоконтроль,режиссёр,Ncmsln,Ncmpgy,SAG,,,
председателя,кгб,председатель,кгб,Ncmsgy,Ncmsgn,MB,,,
врач,певца,врач,певец,Ncmsny,Ncmsgy,OB',,,
внучка,хана,внучка,хан,Ncfsny,Npmsgy,KIN-SOC,,,
использование,силы,использование,сила,Ncnsan,Ncfsgn,OB,,,
открытость,работы,открытость,работа,Ncfsgn,Ncfsgn,PAR,,,
реализацию,проекта,реализация,проект,Ncfsan,Ncmsgn,OB,,,
костюме,снегурочки,костюм,снегурочка,Ncmsln,Npfsgy,ATR,,,
правоту,стороны,правота,сторона,Ncfsan,Ncfsgn,PAR,,,
стоимость,путевки,стоимость,путёвка,Ncfsnn,Ncfsgn,PAR,,,
неисполнение,условий,неисполнение,условие,Ncnsan,Ncnpgn,OB,,,
проведения,визита,проведение,визит,Ncnsgn,Ncmsgn,OB,,,
куплей-продажей,земли,купля-продажа,земля,Ncfsin,Ncfsgn,OB,,,
передаче,части,передача,часть,Ncfsgn,Ncfsgn,OB,,,
части,построек,часть,постройка,Ncfsgn,Ncfpgn,WH,,,
построек,ответчика,постройка,ответчик,Ncfpgn,Ncmsgy,POS,,,
холле,травмпункта,холл,травмпункт,Ncmsln,Ncmsgn,WH,,,
проведения,сделок,проведение,сделка,Ncnsgn,Ncfpgn,OB,,,
лидер,меньшинства,лидер,меньшинство,Ncmsny,Ncnsgn,MB,,,
решение,проблем,решение,проблема,Ncnsan,Ncfpgn,OB,,,
размеры,пособий,размер,пособие,Ncmpnn,Ncnpgn,PAR,,,
принятии,сотрудника,принятие,сотрудник,Ncnsgn,Ncmsgy,OB,,,
сроком,реализации,срок,реализация,Ncmsin,Ncfsgn,PAR,,,
хозяина,столовой,хозяин,столовый,Ncmsgy,Ncfsgn,POS,,,
сцене,центра,сцена,центр,Ncfsln,Ncmsgn,WH,,,
поимки,преступника,поимка,преступник,Ncfsgn,Ncmsgy,OB,,,
кидании,гранат,кидание,гранат,Ncnsln,Ncfpgn,OB,,,
восприятие,пациента,восприятие,пациент,Ncnsan,Ncmsgy,PAR,,,
характер,недуга,характер,недуг,Ncmsan,Ncmsgy,PAR,,,
преемник,зоолога,преемник,зоолог,Ncmsny,Ncmsgy,KIN-SOC,,,
основатель,науки,основатель,наука,Ncmsny,Ncfsgy,OB',,,
выступление,лыжников,выступление,лыжник,Ncnsnn,Ncmpgy,SAG,,,
министра,спорта,министр,спорт,Ncmsgy,Ncmsgn,ATR,,,
сестра,человека,сестра,человек,Ncfsny,Ncmsgy,KIN-SOC,,,
телом,души,тело,душа,Ncfsin,Ncmsgy,PAR,,,
брат,пушкина,брат,пушкин,Ncmsny,Npmsgy,KIN-SOC,,,
уход,крутикова,уход,крутиков,Ncmsan,Ncmsgy,SAG,,,
командир,экипажа,командир,экипаж,Ncmsny,Ncmsgn,MB,,,
введении,ценза,введение,ценз,Ncnsln,Ncmsgn,OB,,,
количество,участников,количество,участник,Ncnsan,Ncmpgy,PAR,,,
числа,операторов,число,оператор,Ncnsgn,Ncmpgy,PAR,,,
сокращения,числа,сокращение,число,Ncnsgn,Ncnsgn,OB,,,
наведения,порядка,наведение,порядок,Ncnsgn,Ncmsgn,OB,,,
сборе,подписей,сбор,подпись,Ncmsln,Ncfpgn,OB,,,
ведения,боя,ведение,бой,Ncnsgn,Ncmsgn,OB,,,
потере,времени,потеря,время,Ncfsln,Ncnsgn,OB,,,
прекращение,насилия,прекращение,насилие,Ncnsnn,Ncnsgn,OB,,,
член,союза,член,союз,Ncmsny,Ncmsgn,MB,,,
ректор,академии,ректор,академия,Ncmsny,Ncfsgm,MB,,,
член-корреспондент,академии,член-корреспондент,академия,Ncmsny,Ncfsgm,MB,,,
устроителя,лагерей,устроитель,лагерь,Ncmsay,Ncmpgn,OB,,,
лаборатория,подрядчика,лаборатория,подрядчик,Ncfsnn,Ncmsgy,POS,,,
заседаниях,штаба,заседание,штаб,Ncnspln,Ncmsgn,SAG,,,
сооружению,перехода,сооружение,переход,Ncnsdn,Ncmsgn,OB,,,
строительство,конструктивов,строительство,конструктив,Ncnsnn,Ncmpgn,OB,,,
конструктивов,объекта,конструктив,объект,Ncmpgn,Ncmsgn,WH,,,
участия,танка,участие,танк,Ncnsgn,Ncmsgn,SAG,,,
поддержку,владимира,поддержка,владимир,Ncnsan,Npmsgy,OB,,,
внучка,художника,внучка,художник,Ncfsny,Ncmsgy,KIN-SOC,,,
поддержке,друзей,поддержка,друг,Ncfsln,ncmpgy,SAG,,,
друзей,семьи,друг,семья,Ncmpgy,Ncfsgy,KIN-SOC,,,
член,центризбиркома,член,центризбирком,Ncmsny,Ncmsgn,MB,,,
выдвижение,явлинского,выдвижение,явлинский,Ncnsan,Npmsgy,OB,,,
симптомы,болезни,симптом,болезнь,Ncmpan,Ncfsgn,PAR,,,
цена,присоединения,цена,присоединение,Ncfsnn,Ncnsgn,PAR,,,
предсказания,пузыря,предсказание,пузырь,Ncnpan,Ncmsgn,OB,,,
преподаватель,немецкого,преподаватель,немецкий,Ncmsny,Ncmsgn,OB',,,
председатель,комиссии,председатель,комиссия,Ncmsny,Ncfsgn,MB,,,
основания,города,основание,город,Ncnsgn,Ncmsgn,OB,,,
визит,патриарха,визит,патриарх,Ncmsnn,Ncmsgy,SAG,,,
ремонт,дорог,ремонт,дорога,Ncmsan,Ncfpgn,OB,,,
собственности,иркутска,собственность,иркутск,Ncfsgn,Ncmsgn,POS,,,
председатель,центра,председатель,центр,Ncmsny,Ncmsgn,MB,,,
аналитик,центра,аналитик,центр,Ncmsny,Ncmsgn,MB,,,
центра,исследований,центр,исследование,Ncmsgn,Ncnpgn,ATR,,,
покорителя,вершин,покоритель,вершина,Ncmsny,Ncfsgn,OB,,,
расширении,функций,расширение,функция,Ncnsgn,Ncfpgn,OB,,,
функций,совета,функция,совет,Ncfpgn,Ncmsgn,PAR,,,
жест,предшественника,жест,предшественник,Ncmsan,Ncmsgy,PAR,,,
защиты,автомобилистов,защита,автомобилист,Ncfsgn,Ncmpgy,OB,,,
участии,отца,участие,отец,Ncnsln,Ncmsgy,SAG,,,
изъятию,ценностей,изъятие,ценность,Ncnsdn,Ncfpgn,OB,,,
применения,коэффициента,применение,коэффициент,Ncnsgn,Ncmsgn,OB,,,
объему,сжигания,объём,сжигание,Ncmsdn,Ncnsgn,PAR,,,
сжигания,пнг,сжигание,пнг,Ncnsgn,Ncmsgn,OB,,,
снятии,пассажира,снятие,пассажир,Ncnsln,Ncmsgy,OB,,,
прохождения,процедур,прохождение,процедура,Ncnsgn,Ncfpgn,OB,,,
сторонника,партии,сторонник,партия,Ncmsgy,Ncfsgn,MB,,,
исполнении,полномочий,исполнение,полномочие,Ncnsln,Ncnpgn,OB,,,
укуса,клеща,укус,клещ,Ncmsgn,Ncmsgy,SAG,,,
депутата,госдумы,депутат,госдума,Ncmsgy,Ncfsgn,MB,,,
исполнением,законов,исполнение,закон,Ncnsin,Ncmpgn,OB,,,
стенах,университета,стен,университет,Ncfpln,Ncmsgn,WH,,,
путей,сообщения,путь,сообщение,Ncmpgn,Ncnsgn,ATR,,,
принятия,закона,принятие,закон,Ncnsgn,Ncmsgn,OB,,,
разрешении,кризиса,разрешение,кризис,Ncnsln,Ncmsgn,OB,,,
гендиректор,компании,гендиректор,компания,Ncmsny,Ncfsgn,MB,,,
качество,молока,качество,молоко,Ncnsan,Ncnsgn,PAR,,,
рынка,молока,рынок,молоко,Ncmsgn,Ncnsgn,ATR,,,
количество,молока,количество,молоко,Ncnsnn,Ncnsgn,PAR,,,
заключения,контракта,заключение,контракт,Ncnsgn,Ncmsgm,OB,,,
период,заключения,период,заключение,Ncmsan,Ncfsgn,ATR,,,
защитник,авдошкина,защитник,авдошкин,Ncmsny,Npmsgy,OB',,,
отводе,прокурора,отвод,прокурор,Ncmsln,Ncmsgy,OB,,,
подготовки,позиции,подготовка,позиция,Ncmsan,Ncfsgn,OB,,,
страницы,дела,страница,дело,Ncfpan,Ncfsgn,WH,,,
исполнения,поручения,исполнение,поручение,Ncnsln,Ncnsgn,OB,,,
выделении,участка,выделение,участок,Ncnsln,Ncmsgn,OB,,,
объезда,округа,объезд,округа,Ncmsgn,Ncmsgn,OB,,,
мама,вити,мама,витя,Ncfsny,Npmsgy,KIN-SOC,,,
бабушка,первоклассника,бабушка,первоклассник,Ncfsny,Ncmsgy,KIN-SOC,,,
участников,баталий,участник,баталия,Ncmpgy,Ncfpgn,SAG,,,
стоимости,бензина,стоимость,бензин,Ncfsdn,Ncmpgn,PAR,,,
продаж,дисков,продажа,диск,Ncfpgn,Ncmpgn,OB,,,
организаторов,митинга,организатор,митинг,Ncmpgy,Ncmsgn,OB',,,
навыки,борьбы,навык,борьба,Ncmpan,Ncfsgn,ATR,,,
уровень,знаний,уровень,знание,Ncmsan,Ncnpgn,PAR,,,
поисках,героя,поиск,герой,Ncmpln,Ncmsgn,OB,,,
нанесении,травмы,нанесение,травма,Ncnsln,Ncfsgn,OB,,,
самовыдвижению,кандидатов,самовыдвижение,кандидат,Ncnsdn,Ncmpgy,SAG,,,
расследование,конфликта,расследование,конфликт,Ncnsan,Ncmsgn,OB,,,
показателе,смертности,показатель,смертность,Ncmsln,Ncfsgn,PAR,,,
восхождении,полковника,восхождение,полковник,Ncnsln,Ncmsgy,SAG,,,
врач,больницы,врач,больница,Ncmsny,Ncfsgn,MB,,,
счетов,лазаренко,счёт,лазаренко,Ncmpgn,Npmsgy,POS,,,
удовлетворении,иска,удовлетворение,иск,Ncnsln,Ncmsgn,OB,,,
аппарат,связи,аппарат,связь,Ncmsan,Ncfsgn,ATR,,,
видеозапись,обращения,видеозапись,обращение,Ncfsan,Ncnsgn,OB',,,
деятельность,персонажа,деятельность,персонаж,Ncfsnn,Ncmsgy,SAG,,,
задаванию,вопросов,задавание,вопрос,Ncnsdn,Ncmpgn,OB,,,
приманиванию,зрительниц,приманивание,зрительница,Ncnsdn,Ncfpgy,OB,,,
вопросы,этики,вопрос,этика,Ncmpan,Ncfsgn,ATR,,,
делам,несовершеннолетних,дело,несовершеннолетний,Ncnpdn,Ncmpgy,ATR,,,
активности,населения,активность,население,Ncfsgn,Ncnsgn,SAG,,,
борьба,кланов,борьба,клан,Ncfsnn,Ncmpgn,SAG,,,
лоббирование,людей,лоббирование,человек,Ncnsan,Ncmpgy,OB,,,
тещи,члена,тёща,член,Ncfsgy,Ncmsgy,KIN-SOC,,,
жених,стоцкой,жених,стоцкий,Ncmsny,Npfsgy,KIN-SOC,,,
талант,пианиста,талант,пианист,Ncmsan,Ncmsgy,PAR,,,
заместитель,директора,заместитель,директор,Ncmsny,Ncmsgy,OB',,,
индустрии,красоты,индустрия,красота,Ncfsln,Ncfsgn,ATR,,,
сдачи,номера,сдача,номер,Ncfsgn,Ncmsgn,OB,,,
момент,сдачи,момент,сдача,Ncmsan,Ncfsgn,ATR,,,
критерием,инаугурации,критерий,инаугурация,Ncmsin,Ncfsgn,ATR,,,
демонстрация,достоинств,демонстрация,достоинство,Ncfsnn,Ncnpgn,OB,,,
показом,продуктов,показ,продукт,Ncmsin,Ncmpgn,OB,,,
запаха,тела,запах,тело,Ncmsgn,Ncnsgn,PAR,,,
организация,сообщения,организация,сообщение,Ncfsnn,Ncnsgn,OB,,,
утрату,удостоверения,утрата,удостоверение,Ncfsan,Ncnsgn,OB,,,
облета,площадки,облёт,площадка,Ncmsgn,Ncfsgn,OB,,,
переписи,населения,перепись,население,Ncnsgn,Ncnsgn,OB,,,
подготовки,переписи,подготовка,перепись,Ncnsdn,Ncnsgn,OB,,,
создания,расписания,создание,расписание,Ncnsgn,Ncnsgn,OB,,,
сотрудник,регистратуры,сотрудник,регистратура,Ncmsny,Ncfsgn,MB,,,
сын,олигарха,сын,олигарх,Ncnsny,Ncmsgy,KIN-SOC,,,
героизм,бэтмена,героизм,бэтмена,Ncmsan,Npmsgy,PAR,,,
упоминание,румынии,упоминание,румыния,Ncnsnn,Ncfsgn,OB,,,
переговоров,канцлера,переговоры,канцлер,Ncmpgn,Ncmsgy,SAG,,,
постановку,спектакля,постановка,спектакль,Ncfsan,Ncmsgn,OB,,,
соратнике,фюрера,соратник,фюрер,Ncmsly,Ncmsgy,KIN-SOC,,,
конкурентноспособности,продукции,конкурентноспособность,продукция,Ncfsgn,Ncfsgn,PAR,,,
преследовании,джемаля,преследование,джемаля,Ncnsln,N[msgy,OB,,,
сайте,комитета,сайт,комитет,Ncmsln,Ncmsgn,POS,,,
поставок,топлива,поставка,топливо,Ncfpgn,Ncnsgn,OB,,,
приобретение,квартиры,приобретение,квартира,Ncnsan,Ncfsgn,OB,,,
присвоение,звания,присвоение,звание,Ncnsan,Ncnsgn,OB,,,
сыном,полка,сын,полка,Ncmsiy,Ncmsgn,KIN-SOC,,,
выявление,оборота,выявление,оборот,Ncnsan,Ncmsgn,OB,,,
изучению,преступности,изучение,преступность,Ncnsdn,Ncfsgn,OB,,,
директор,центра,директор,центр,Ncmsny,Ncmsgn,MB,,,
начальника,гидрометцентра,начальник,гидрометцентр,Ncmsny,Ncmsgn,MB,,,
контродем,оперативников,контродема,оперативник,Ncmsin,Ncmpgy,SAG,,,
площади,победы,площадь,победа,Ncfsln,Ncfsgn,ATR,,,
представителя,фирмы-изготовителя,представитель,фирма-изготовитель,Ncmsgy,Ncfsgn,MB,,,
доме,актера,дом,актёр,Ncmsln,Ncmsgy,ATR,,,
имущество,компании,имущество,компания,Ncnsnn,Ncfsgn,POS,,,
пересказ,доклада,пересказ,доклад,Ncmsnn,Ncmsgn,OB,,,
фонд,алеши,фонд,алеш,Ncmsan,Npmsgy,POS,,,
действий,ответчика,действие,ответчик,Ncnpgn,Ncmsgy,SAG,,,
признаки,сомнительности,признак,сомнительность,Ncmpan,Ncfsgn,ATR,,,
объем,работ,объесть,работа,Ncmsan,Ncfpgn,PAR,,,
колоритности,персонажа,колоритность,персонаж,Ncfsdn,Ncmsgy,PAR,,,
помощь,адвоката,помощь,адвокат,Ncfsan,Ncmsgy,SAG,,,
выносливости,физкультурника,выносливость,физкультурник,Ncfsgn,Ncmsgy,PAR,,,
насмешки,судьбы,насмешка,судьба,Ncfsgn,Ncfsgn,SAG,,,
заказу,вельможу,заказ,вельможа,Ncmsdn,Ncmsgy,SAG,,,
прием,граждан,приём,гражданин,Ncmsan,Ncmpgy,OB,,,
пункт,соглашения,пункт,соглашение,Ncmsnn,Ncnsgn,WH,,,
лечения,ребенка,лечение,ребёнок,Ncnsgn,Ncmsgy,OB,,,
оплату,лечения,оплата,лечение,Ncfsan,Ncnsgn,OB,,,
сокращению,очередей,сокращение,очередь,Ncnsdn,Ncfpgn,OB,,,
чтением,канона,чтение,канон,Ncnsin,Ncmsgn,OB,,,
боец,отряда,боец,отряд,Ncmsny,Ncmsgn,MB,,,
могущество,писателя,могущество,писатель,Ncnsnn,Ncmsgy,PAR,,,
концепция,интеллекта,концепция,интеллект,Ncfsnn,Ncmsgn,PAR,,,
момент,открытия,момент,открытие,Ncmsan,Ncfsgn,ATR,,,
открытия,объекта,открытие,объект,Ncfsgn,Ncmsgn,OB,,,
важность,ситуации,важность,ситуация,Ncnsan,Ncfsgn,PAR,,,
степень,ответственности,степень,ответственность,Ncnsan,Ncfsgn,PAR,,,
профессию,рабочего,профессия,рабочий,Ncfsan,Ncmsgy,ATR,,,
систему,обороны,система,оборона,Ncfsan,Ncfsgn,ATR,,,
завершению,секвенирования,завершение,секвенирование,Ncnsdn,Ncnsgn,OB,,,
секвенирования,генома,секвенирование,геном,Ncnsgn,Ncmsgn,OB,,,
генома,человека,геном,человек,Ncmsgn,Ncmsgy,PAR,,,
тону,директора,тонуть,директор,Ncmsdn,Ncmsgy,PAR,,,
облика,смены,облик,смена,Ncmsgn,Ncfsgn,PAR,,,
заводе,авиации,завод,авиация,Ncmsln,Ncfsgn,ATR,,,
колеса,мотоциклиста,колесо,мотоциклист,Ncnpan,Ncmsgy,POS,,,
степени,тяжести,степень,тяжесть,Ncfsgn,Ncfsgn,PAR,,,
статус,беженца,статус,беженец,Ncmsan,Ncmsgy,ATR,,,
доказательством,жизни,доказательство,жизнь,Ncnsin,Ncfsgn,OB,,,
репутацию,человека,репутация,человек,Ncfsan,Ncmsgy,PAR,,,
победы,адмирала,победа,адмирал,Ncfsgn,Ncmsgy,SAG,,,
создатель,сетей,создатель,сеть,Ncmsny,Ncfpgn,OB',,,
размер,ставки,размер,ставка,Ncmsnn,Ncfsgn,PAR,,,
оценки,кредитоспособности,оценка,кредитоспособность,Ncfsgn,Ncfsgn,OB,,,
кредитоспособности,клиента,кредитоспособность,клиент,Ncfsgn,Ncmsgy,PAR,,,
кресло,судьи,кресло,судья,Ncnsan,Ncmsgy,POS,,,
тонкости,процесса,тонкость,процесс,Ncfpan,Ncmsgn,PAR,,,
распределении,участков,распределение,участок,Ncnpln,Ncmpgn,OB,,,
отстрел,зайца,отстрел,заяц,Ncmsan,Ncmsgy,OB,,,
заседанием,кдк,заседание,кдк,Ncnsin,Ncmsgn,SAG,,,
офис,рфс,офис,рфс,Ncmsan,Ncfsgn,POS,,,
вице-президент,"""анжи""",вице-президент,"""анжи""",Ncmsny,Ncfsgn,MB,,,
регистрации,средств,регистрация,средство,Ncnsgn,Ncnpgn,OB,,,
успешность,программ,успешность,программа,Ncfsnn,Ncfpgn,PAR,,,
открытостью,программ,открытость,программа,Ncfsin,Ncfpgn,PAR,,,
ясностью,изложения,ясность,изложение,Ncfsin,Ncnsgn,PAR,,,
распоряжения,клиента,распоряжение,клиент,Ncnsgn,Ncmsgy,SAG,,,
спаривании,самца,спаривание,самец,Ncnsln,Ncmsgy,SAG,,,
пост,наставника,пост,наставник,Ncmsan,Ncmsgy,ATR,,,
наставника,махачкалинцев,наставник,махачкалинец,Ncmsgy,Ncmpgy,OB',,,
пластичность,человека,пластичность,человек,Ncnsan,Ncmsgy,PAR,,,
обустройства,площадок,обустройство,площадка,Ncnsgn,Ncfpgn,OB,,,
бюро,выставок,бюро,выставка,Ncnsgn,Ncfgpn,ATR,,,
складе,запчастей,склад,запчасть,Ncmsln,Ncfpgn,ATR,,,
предоставлению,жилья,предоставление,жильё,Ncnsdn,Ncnsgn,OB,,,
отбелку,целлюлозы,отбелка,целлюлоза,Ncfsan,Ncfsgn,OB,,,
охраны,природы,охрана,природа,Ncfsgn,Ncfsgn,OB,,,
союза,охраны,союз,охрана,Ncmsgn,Ncfsgn,ATR,,,
сборки,автомобилей,сборка,автомобиль,Ncfsgn,Ncmpgn,OB,,,
школа,граждан,школа,гражданин,Ncfsnn,Ncmpgy,ATR,,,
выращиванию,человека,выращивание,человек,Ncnsdn,Ncmsgy,OB,,,
качества,преподавания,качество,преподавание,Ncnsgn,Ncnsgn,PAR,,,
поведении,собаки,поведение,собака,Ncnsln,Ncfsgy,SAG,,,
достоинствах,плана,достоинство,план,Ncnpgn,Ncmsgn,PAR,,,
кресле,министра,кресло,министр,Ncnsln,Ncmsgy,POS,,,
сообщник,мошенника,сообщник,мошенник,Ncmsny,Ncmsgy,KIN-SOC,,,
форме,сотрудника,форма,сотрудник,Ncfsln,Ncmsgy,ATR,,,
поиском,ребенка,поиск,ребёнок,Ncmsin,Ncmsgy,OB,,,
собрании,энергокомпании,собрание,энергокомпания,Ncnsln,Ncfsgn,SAG,,,
театр,драмы,театр,драма,Ncmsan,Ncfsgn,ATR,,,
отмене,лимита,отмена,лимит,Ncmsln,Ncmsgn,OB,,,
спикера,госдумы,спикер,госдума,Ncmsgy,Ncfsgn,MB,,,
обеспечение,ветеранов,обеспечение,ветеран,Ncnsnn,Ncmpgy,OB,,,
улучшению,условий,улучшение,условие,Ncnsdn,Ncnpgn,OB,,,
передачи,портфелей,передача,портфель,Ncfsgn,Ncmpgn,OB,,,
председатель,правительства,председатель,правительство,Ncmsny,Ncnsgn,MB,,,
лидер,кпрф,лидер,кпрф,Ncmsny,Ncfsgn,MB,,,
ликвидации,пожаров,ликвидация,пожар,Ncfsgn,Ncmpgn,OB,,,
член,бандгруппы,член,бандгруппа,Ncmsny,Ncfsgn,MB,,,
доступность,территорий,доступность,территория,Ncnsan,Ncfpgn,PAR,,,
скорость,доставки,скорость,доставка,Ncnsan,Ncfsgn,PAR,,,
доставки,пассажиров,доставка,пассажир,Ncfsgn,Ncmpgy,OB,,,
конкурентноспособность,экономики,конкурентноспособность,экономика,Ncfsan,Ncfsgn,PAR,,,
департамента,образования,департамент,образование,Ncmsgn,Ncnsgn,ATR,,,
выборе,партнера,выбор,партнёр,Ncmsln,Ncmsgy,OB,,,
невыплату,зарплаты,невыплата,зарплата,Ncfsan,Ncfsgn,OB,,,
разработку,месторождений,разработка,месторождение,Ncfsan,Ncnpgn,OB,,,
получения,лицензий,получение,лицензия,Ncnsgn,Ncfpgn,OB,,,
диплом,юриста,диплом,юрист,Ncmsan,Ncmsgy,ATR,,,
вес,человека,вес,человек,Ncmsan,Ncmsgy,PAR,,,
устойчивости,развития,устойчивость,развитие,Ncfsgn,Ncnsgn,PAR,,,
командир,крейсера,командир,крейсер,Ncmsny,Ncmsgn,OB',,,
акции,протеста,акция,протест,Ncfpnn,Ncmsgn,ATR,,,
предок,человека,предок,человек,Ncmsny,Ncmsgy,KIN-SOC,,,
стоимость,долга,стоимость,долг,Ncfsan,Ncmsgn,PAR,,,
замену,удостоверения,замена,удостоверение,Ncfsan,Ncnsgn,OB,,,
удостоверения,личности,удостоверение,личность,Ncnsgn,Ncfsgn,OB',,,
границы,участка,граница,участок,Ncfpnn,Ncmsgn,WH,,,
фрагмент,венца,фрагмент,венец,Ncmsan,Ncmsgn,WH,,,
шмотки,царицы,шмотки,царица,Ncfpan,Ncfsgy,POS,,,
достройку,слободы,достройка,слобода,Ncfan,Ncfsgn,OB,,,
палате,представителей,палата,представитель,Ncfsln,Ncmpgy,ATR,,,
стабилизации,цен,стабилизация,цена,Ncfsdn,Ncfpgn,OB,,,
продукты,питания,продукт,питание,Ncmpan,Ncfsgn,ATR,,,
появлением,малыша,появление,малыш,Ncnsin,Ncmpgn,SPA,,,
производство,препаратов,производство,препарат,Ncnsnn,Ncmsng,OB,,,
декан,факультета,декан,факультет,Ncmsny,Ncmsgn,MB,,,
факультета,управления,факультет,управление,Ncmsgn,Ncnsgn,ATR,,,
выступлением,тхэквондистов,выступление,тхэквондист,Ncnsin,Ncmsgy,SAG,,,
смерти,художника,смерть,художник,Ncfsgn,Ncmsgy,SPA,,,
возмещения,вреда,возмещение,вред,Ncnsan,Ncmsgn,OB,,,
фотографию,мальчика,фотография,мальчик,Ncfsan,Ncmsgy,OB',,,
вырубки,кедра,вырубка,кедр,Ncfpan,Ncmsgn,OB,,,
разрушению,экосистем,разрушение,экосистема,Ncnsdn,Ncfpgn,OB,,,
фотографии,человека,фотография,человек,Ncfpnn,Ncmsgy,OB',,,
рождение,ребенка,рождение,ребёнок,Ncnsan,Ncmsgy,SPA,,,
оглашения,приговора,оглашение,приговор,Ncnsgn,Ncmsgn,OB,,,
игнорирование,нормы,игнорирование,норма,Ncnsnn,Ncfsgn,OB,,,
отец,героя,отец,герой,Ncmsny,Ncmsgy,KIN-SOC,,,
представителя,власти,представитель,власть,Ncmsgy,Ncfsgn,MB,,,
оператор,доения,оператор,доение,Ncmsny,Ncnsgn,ATR,,,
оператор,агрофирмы,оператор,агрофирма,Ncmsny,Ncfsgn,MB,,,
работу,мэра,работа,мэр,Ncfsan,Ncmsgy,SAG,,,
выдачи,формы,выдача,форма,Ncfsgn,Ncfsgn,OB,,,
талант,изобретателя,талант,изобретатель,Ncmsan,Ncmsgy,ATR,,,
договору,найма,договор,найм,Ncmsdn,Ncmsgn,ATR,,,
приобретения,жилья,приобретение,жильё,Ncnsgn,Ncnsgn,OB,,,
знаком,льва,знак,лев,Ncmsin,Ncmsgn,ATR,,,
оформлении,документов,оформление,документ,Ncnsln,Ncmpgn,OB,,,
списка,контактов,список,контакт,Ncmsgn,Ncmpgn,ATR,,,
экране,устройства,экран,устройство,Ncmsln,Ncnsgn,WH,,,
кнопка,звонка,кнопка,звонок,Ncfsnn,Ncmsgn,ATR,,,
совершение,преступлений,совершение,преступление,Ncnsan,Ncnpgn,OB,,,
главой,аэропорта,главый,аэропорт,Ncmsiy,Ncmsgn,MB,,,
страхованию,вкладов,страхование,вклад,Ncnsdn,Ncmsgn,OB,,,
производству,конструктора,производство,конструктор,Ncnsdn,Ncmsgn,OB,,,
пресс-атташе,клуба,пресс-атташе,клуб,Ncmsny,Ncmsgn,MB,,,
подножию,памятника,подножие,памятник,Ncnsdn,Ncmsgn,WH,,,
органов,дознания,орган,дознание,Ncmogn,Ncnsgn,ATR,,,
визите,проповедника,визит,проповедник,Ncmsgn,Ncmsgy,SAG,,,
учредителя,компании,учредитель,компания,Ncmsgy,Ncfsgn,OB',,,
забастовка,служащих,забастовка,служащий,Ncfsnn,Ncmpgy,SAG,,,
дверь,подъезда,дверь,подъезд,Ncfsnn,Ncmsgn,WH,,,
приключений,шерлока,приключение,шерлок,Ncnpgn,Npmsgy,SAG,,,
палату,парламента,палата,парламент,Ncfsan,Ncmsgn,WH,,,
ввода,законопроекта,ввод,законопроект,Ncmsgn,Ncmsgn,OB',,,
вмешательство,ес,вмешательство,ес,Ncnsan,Ncmsgn,SAG,,,
уровень,качества,уровень,качество,Ncmsan,Ncnsgn,PAR,,,
день,гнева,день,гнев,Ncmsnn,Ncmsgn,ATR,,,
параметрах,бюджета,параметр,бюджет,Ncmpln,Ncmsgn,PAR,,,
отмены,приказа,отмена,приказ,Ncfsgn,Ncmsgn,OB,,,
эры,телевидения,эра,телевидение,Ncfsgn,Ncnsgn,ATR,,,
симуляции,сознания,симуляция,сознание,Ncfsgn,Ncnsgn,OB,,,
поддержке,депутата,поддержка,депутат,Ncfsln,Ncmsgy,SAG,,,
экспертиза,малыша,экспертиза,малыш,Ncfsnn,Ncmsgy,OB,,,
предоставление,льгот,предоставление,льгота,Ncnsnn,Ncfpgn,OB,,,
костюме,зверя,костюм,зверь,Ncmsln,Ncmsgy,ATR,,,
брожение,пищи,брожение,пища,Ncnsnn,Ncfsgn,SPA,,,
прокладку,трубы,прокладка,труба,Ncfsan,Ncfsgn,OB,,,
ресурсы,работника,ресурс,работник,Ncmpan,Ncmsgn,POS,,,
амплитуда,изменений,амплитуда,изменение,Ncfsnn,Ncnpgn,PAR,,,
проректор,школы,проректор,школа,Ncmsny,Ncfsgn,MB,,,
возврата,денег,возврат,деньга,Ncmsgn,Ncfpgn,OB,,,
дочери,издателя,дочь,издатель,Ncfsly,Ncmsgy,KIN-SOC,,,
учета,доходов,учёт,доход,Ncmsgn,Ncmpgn,OB,,,
объемы,средств,объём,средство,Ncmpan,Ncnpgn,PAR,,,
квалификации,персонала,квалификация,персонал,Ncfsgn,Ncmsgn,PAR,,,
сходы,граждан,сход,гражданин,Ncmpan,Ncmpgy,SAG,,,
представитель,истца,представитель,истец,Ncmsny,Ncmsgy,OB',,,
форуме,услуг,форум,услуга,Ncmsln,Ncfpgn,ATR,,,
поведение,звезды,поведение,звезда,Ncnsan,Ncfsgy,SAG,,,
срок,действия,срок,действие,Ncmsan,Ncnsgn,PAR,,,
надежности,компании,надёжность,компания,Ncfsln,Ncfsgn,PAR,,,
средство,платежа,средство,платёж,Ncnsan,Ncmsgn,ATR,,,
средств,получателя,средство,получатель,Ncnpgn,Ncmsgy,POS,,,
часть,доклада,часть,доклад,Ncfsan,Ncmsgn,WH,,,
ректор,мгу,ректор,мгу,Ncmsny,Ncmsgn,MB,,,
обзору,истории,обзор,история,Ncmsdn,Ncfsgn,OB,,,
зоны,торговли,зона,торговля,Ncfsgn,Ncfsgn,ATR,,,
исполнитель,роли,исполнитель,роль,Ncmsny,Ncfsgn,OB',,,
производитель,микросхем,производитель,микросхема,Ncmsny,Ncfpgn,OB',,,
особенности,характера,особенность,характер,Ncfpan,Ncmsgn,PAR,,,
склад,ума,склад,ум,Ncmsan,Ncmsgn,PAR,,,
водитель,автомашины,водитель,автомашина,Ncmsny,Ncfsgn,OB',,,
состоянии,опьянения,состояние,опьянение,Ncnsln,Ncnsgn,ATR,,,
правила,движения,правило,движение,Ncnpan,Nncsgn,ATR,,,
рации,диспетчера,рация,диспетчер,Ncfsln,Ncmsgy,POS,,,
смещение,министра,смещение,министр,Ncnsnn,Ncmsgy,OB,,,
удостоверением,водолаза,удостоверение,водолаз,Ncnsin,Ncmsgy,ATR,,,
рассмотрения,представления,рассмотрение,представление,Ncnsgn,Ncnsgn,OB,,,
устранение,нарушений,устранение,нарушение,Ncnsnn,Ncnpgn,OB,,,
соучредителем,кооператива,соучредитель,кооператив,Ncmsiy,Ncmsgn,OB',,,
рейде,порта,рейд,порт,Ncmsln,Ncmsgn,OB,,,
закладка,стен,закладка,стена,Ncfsnn,Ncfpgn,OB,,,
обоснованность,проекта,обоснованность,проект,Ncfsnn,Ncmsgn,PAR,,,
захоронение,тела,захоронение,тело,Ncnsan,Ncnsgn,OB,,,
оппонент,преемника,оппонент,преемник,Ncmsny,Ncmsgy,KIN-SOC,,,
преемника,президента,преемник,президент,Ncmsgy,Ncmsgy,KIN-SOC,,,
восстановления,гражданства,восстановление,гражданство,Ncnsgn,Ncnsgn,OB,,,
пользователь,твиттера,пользователь,твиттер,Ncmsny,Ncmsgn,OB',,,
монетизации,льгот,монетизация,льгота,Ncfsdn,Ncfpgn,OB,,,
выходкой,болельщика,выходка,болельщик,Ncfsin,Ncmsgy,SAG,,,
музей,фигур,музей,фигура,Ncmsnn,Ncfpgn,ATR,,,
уникальность,роли,уникальность,роль,Ncfsnn,Ncfsgy,PAR,,,
сотрудник,мчс,сотрудник,мчс,Ncmsny,Ncmsgn,MB,,,
законность,пропажи,законность,пропажа,Ncfsnn,Ncnsgn,PAR,,,
ведущего,телепередачи,ведущий,телепередача,Ncmsgy,Ncfsgn,OB',,,
,,,,,,,,,
преследование,жертвы,преследование,жертва,,,OB,,,
темп,бега,темп,бег,,,PAR,,,
бега,льва,бег,лев,,,SAG,,,
движению,талибов,движение,талиб,,,SAG,,,
возвращения,россиян,возвращение,россиянин,,,SAG,,,
переезд,семьи,переезд,семья,,,SAG,,,
сопровождении,медработника,сопровождение,медработник,,,SAG,,,
походы,олигархов,поход,олигарх,,,SAG,,,
перехода,руководителя,переход,руководитель,,,SAG,,,
возвращения,россиян,возвращение,россиянин,,,SAG,,,
эмиграцией,евреев,эмиграция,еврей,,,SAG,,,
атаку,соперника,атака,соперник,,,SAG,,,
приезде,курьера,приезд,курьер,,,SAG,,,
ухода,рабочих,уход,рабочий,,,SAG,,,
передвижении,людей,передвижение,человек,,,SAG,,,
вселении,писателя,вселение,писатель,,,SAG,,,
возвращении,мать,возвращение,мать,,,SAG,,,
поклонения,волхвов,поклонение,волхв,,,SAG,,,
прыжком,врага,прыжок,враг,,,SAG,,,
полеты,пчел,полёт,пчела,,,SAG,,,
отступления,оккупантов,отступление,оккупант,,,SAG,,,
возвращение,грачей,возвращение,грач,,,SAG,,,
исполнении,ансамбля,исполнение,ансамбль,,,SAG,,,
приезды,отца,приезд,отец,,,SAG,,,
восхождения,правителя,восхождение,правитель,,,SAG,,,
длительности,правления,длительность,правление,,,PAR,,,
приходом,хозяина,приход,хозяин,,,SAG,,,
потеря,отца,потеря,отец,,,OB,,,
владения,графа,владение,граф,,,POS,,,
выселения,новобрачной,выселение,новобрачный,,,OB,,,
продвижение,красных,продвижение,красных,,,SAG,,,
отъезда,крестьянина,отъезд,крестьянин,,,SAG,,,
краже,невесты,кража,невеста,,,OB,,,
похищения,голова,похищение,голова,,,OB,,,
возвращения,зайца,возвращение,заяц,,,SAG,,,
лай,собаки,лай,собака,,,SAG,,,
приближение,зайца,приближение,заяц,,,SAG,,,
пробега,зайца,пробег,заяц,,,SAG,,,
добывании,зайца,добывание,заяц,,,OB,,,
поимке,призраков,поимка,призрак,,,OB,,,
посещения,станции,посещение,станция,,,OB,,,
путешествие,автора,путешествие,автор,,,SAG,,,
приезд,дяди,приезд,дядя,,,SAG,,,
занятиях,родителей,занятие,родитель,,,SAG,,,
движениях,русских,движение,русский,,,SAG,,,
продвижение,противника,продвижение,противник,,,SAG,,,
стены,блиндажа,стена,блиндаж,,,WH,,,
прогулок,командующего,прогулка,командующий,,,SAG,,,
полет,шмеля,полёт,шмель,,,SAG,,,
залет,мухи,залёт,муха,,,SAG,,,
шагов,людей,шаг,человек,,,SAG,,,
натиском,боевиков,натиск,боевик,,,SAG,,,
покупку,техники,покупка,техника,,,OB,,,
замену,персонала,замена,персонал,,,OB,,,
миграцию,клиентов,миграция,клиент,,,SAG,,,
прекращении,поставок,прекращение,поставка,,,OB,,,
подготовке,рубрики,подготовка,рубрика,,,OB,,,
невыплате,зарплаты,невыплата,зарплата,,,OB,,,
перевозки,людей,перевозка,человек,,,OB,,,
вступлении,государыни,вступление,государыня,,,SAG,,,
получения,чинов,получение,чин,,,OB,,,
возвращения,императора,возвращение,император,,,SAG,,,
добычи,газа,добыча,газа,,,OB,,,
рейдов,террористов,рейд,террорист,,,SAG,,,
просмотр,фильма,просмотр,фильм,,,OB,,,
перезапуске,брака,перезапуск,брак,,,OB,,,
выставка,кошек,выставка,кошка,,,ATR,,,
поимку,киллеров,поимка,киллер,,,OB,,,
побег,солдат,побег,солдат,,,SAG,,,
эвакуацию,жителей,эвакуация,житель,,,OB,,,
опережением,графика,опережение,график,,,OB,,,
перепродажи,продуктов,перепродажа,продукт,,,OB,,,
платежи,граждан,платёж,гражданин,,,OB,,,
выходу,пассажиров,выход,пассажир,,,SAG,,,
полет,стрижа,полёт,стриж,,,SAG,,,
вторжения,варваров,вторжение,варвар,,,SAG,,,
снабжения,солдат,снабжение,солдат,,,OB,,,
блеска,снега,блеск,снег,,,PAR,,,
дезинформации,противника,дезинформация,противник,,,OB,,,
перенос,генов,перенос,ген,,,OB,,,
фрагментов,геномов,фрагмент,геном,,,WH,,,
комбинирования,фрагментов,комбинирование,фрагмент,,,OB,,,
темп,накопления,темп,накопление,,,PAR,,,
накопления,мутаций,накопление,мутация,,,OB,,,
обсуждение,результатов,обсуждение,результат,,,OB,,,
уходов,воспитанников,уход,воспитанник,,,SAG,,,
свержении,президента,свержение,президент,,,OB,,,
музея,искусств,музей,искусство,,,ATR,,,
качеством,сбора,качество,сбор,,,PAR,,,
хранению,клеток,хранение,клетка,,,OB,,,
вторжение,призраков,вторжение,призрак,,,SAG,,,
открытием,сезона,открытие,сезон,,,OB,,,
нахождения,алмазов,нахождение,алмаз,,,OB,,,
демонстрации,возможности,демонстрация,возможность,,,OB,,,
обеспечением,судей,обеспечение,судья,,,OB,,,
обретения,хозяина,обретение,хозяин,,,OB,,,
снятия,проклятия,снятие,проклятие,,,OB,,,
хранительниц,очага,хранительница,очаг,,,OB',,,
кражу,вола,кража,вол,,,OB,,,
шествие,кошек,шествие,кошка,,,SAG,,,
угона,пленных,угон,пленный,,,OB,,,
прищура,начальника,прищур,начальник,,,PAR,,,
кинетику,сворачивания,кинетика,сворачивание,,,PAR,,,
свойств,синаптотагмена,свойство,синаптотагмен,,,PAR,,,
мести,населения,месть,население,,,SAG,,,
бега,сторожей,бег,сторож,,,SAG,,,
скорость,бега,скорость,бег,,,PAR,,,
раздача,слонов,раздача,слон,,,OB,,,
хождение,кролика,хождение,кролик,,,SAG,,,
содержимого,бумажника,содержимое,бумажник,,,WH,,,
дверь,подъезда,дверь,подъезд,,,WH,,,
трат,жителей,трата,житель,,,SAG,,,
хищение,имущества,хищение,имущество,,,OB,,,
прозрачность,компаний,прозрачность,компания,,,PAR,,,
легализации,предприятий,легализация,предприятие,,,OB,,,
цена,аренды,цена,аренда,,,PAR,,,
наездом,силовиков,наездом,силовик,,,SAG,,,
ходы,короля,ход,король,,,SAG,,,
прыжку,тигрицы,прыжок,тигрица,,,SAG,,,
выезд,старшины,выезд,старшина,,,SAG,,,
чтении,писем,чтение,письмо,,,OB,,,
оживлении,покойников,оживление,покойник,,,OB,,,
извлечением,потрохов,извлечение,потрохов,,,OB,,,
поездки,молодоженов,поездка,молодожён,,,SAG,,,
бдительность,сапера,бдительность,сапёр,,,PAR,,,
неубедительности,аргументаций,неубедительность,аргументация,,,PAR,,,
танец,солистов,танец,солист,,,SAG,,,
волеизъявлению,избирателей,волеизъявление,избиратель,,,SAG,,,
прогулку,первоклассников,прогулка,первоклассник,,,SAG,,,
бросок,защитника,броский,защитник,,,SAG,,,
паломничество,туристов,паломничество,турист,,,SAG,,,
налеты,рэкетиров-ментов,налёт,рэкетир-мент,,,SAG,,,
вторжения,нарушителей,вторжение,нарушитель,,,SAG,,,
сошествие,ангела,сошествие,ангел,,,SAG,,,
беготни,официанток,беготня,официантка,,,SAG,,,
звуков,тарелок,звук,тарелка,,,SAG,,,
экспедиции,голландцев,экспедиция,голландец,,,SAG,,,
толчок,ребенка,толчок,ребёнок,,,SAG,,,
скачкой,старика,скачка,старик,,,SAG,,,
марше,варваров,марш,варвар,,,SAG,,,
поход,детей,поход,ребёнок,,,SAG,,,
ходьбы,человека,ходьба,человек,,,SAG,,,
высадки,союзников,высадка,союзник,,,SAG,,,
потенциал,воли,потенциал,воля,,,PAR,,,
разум,человека,разум,человек,,,PAR,,,
высадка,астронавтов,высадка,астронавт,,,SAG,,,
отбытие,матушки,отбытие,матушка,,,SAG,,,
снос,оси,снос,ося,,,SAG,,,
ухода,учителя,уход,учитель,,,SAG,,,
побега,режиссера,побег,режиссёр,,,SAG,,,
мычания,коров,мычание,корова,,,SAG,,,
рычание,шерифа,рычание,шериф,,,SAG,,,
верещание,птиц,верещание,птица,,,SAG,,,
пищание,комара,пищание,комар,,,SAG,,,
шипение,григория,шипение,григорий,,,SAG,,,
ворчание,лейтенанта,ворчание,лейтенант,,,SAG,,,
вой,собаки,вой,собака,,,SAG,,,
щебетание,птиц,щебетание,птица,,,SAG,,,
забастовками,служащий,забастовка,служащий,,,SAG,,,
митингах,медиков,митинг,медик,,,SAG,,,
восстание,декабристов,восстание,декабрист,,,SAG,,,
собраниям,граждан,собрание,гражданин,,,SAG,,,
встречи,штирлица,встреча,штирлиц,Ncfsgn,Npmsgy,SAG,,,
встреча,участников,встреча,участник,,,SAG,,,
гонки,пилотов,гонка,пилот,,,SAG,,,
перемещениями,игроков,перемещение,игрок,,,SAG,,,
капризы,екатерины,каприз,екатерина,,,,,,
игра,актеров,игра,актёр,,,,,,
,,,,,,,,,
,,,,,,,,,
,,,,,,,,,
,,,,,,,,,
,,,,,,,,,
,,,,,,,,,
,,,,,,,,,
,,,,,,,,,
,,,,,,,,,
,,,,,,,,,
,,,,,,,,,
,,,,,,,,,
,,,,,,,,,
,,,,,,,,,
,,,,,,,,,
,,,,,,,,,
,,,,,,,,,
,,,,,,,,,
,,,,,,,,,
,,,,,,,,,
,,,,,,,,,
,,,,,,,,,
,,,,,,,,,
,,,,,,,,,
,,,,,,,,,
,,,,,,,,,
,,,,,,,,,
,,,,,,,,,
,,,,,,,,,
,,,,,,,,,
,,,,,,,,,
,,,,,,,,,
,,,,,,,,,
,,,,,,,,,
,,,,,,,,,
,,,,,,,,,
,,,,,,,,,
,,,,,,,,,
,,,,,,,,,
,,,,,,,,,
,,,,,,,,,
,,,,,,,,,
,,,,,,,,,
,,,,,,,,,
,,,,,,,,,
,,,,,,,,,
,,,,,,,,,
,,,,,,,,,
,,,,,,,,,
,,,,,,,,,
,,,,,,,,,
,,,,,,,,,
,,,,,,,,,
,,,,,,,,,
,,,,,,,,,
,,,,,,,,,
,,,,,,,,,
,,,,,,,,,
,,,,,,,,,
,,,,,,,,,
,,,,,,,,,
,,,,,,,,,
,,,,,,,,,
,,,,,,,,,
,,,,,,,,,
,,,,,,,,,
,,,,,,,,,
,,,,,,,,,
,,,,,,,,,
,,,,,,,,,
,,,,,,,,,
,,,,,,,,,
,,,,,,,,,
,,,,,,,,,
,,,,,,,,,
,,,,,,,,,
,,,,,,,,,
,,,,,,,,,
,,,,,,,,,
,,,,,,,,,
,,,,,,,,,
,,,,,,,,,
,,,,,,,,,
,,,,,,,,,
,,,,,,,,,
,,,,,,,,,
,,,,,,,,,
,,,,,,,,,
,,,,,,,,,
,,,,,,,,,
,,,,,,,,,
,,,,,,,,,
,,,,,,,,,
,,,,,,,,,
,,,,,,,,,
,,,,,,,,,
,,,,,,,,,
,,,,,,,,,
,,,,,,,,,
,,,,,,,,,
,,,,,,,,,
,,,,,,,,,
,,,,,,,,,
,,,,,,,,,
,,,,,,,,,
,,,,,,,,,
,,,,,,,,,
,,,,,,,,,
,,,,,,,,,
,,,,,,,,,
,,,,,,,,,
,,,,,,,,,
,,,,,,,,,
,,,,,,,,,
,,,,,,,,,
,,,,,,,,,
,,,,,,,,,
,,,,,,,,,
,,,,,,,,,
,,,,,,,,,
,,,,,,,,,
,,,,,,,,,
,,,,,,,,,
,,,,,,,,,
,,,,,,,,,
,,,,,,,,,
,,,,,,,,,
,,,,,,,,,
,,,,,,,,,
,,,,,,,,,
,,,,,,,,,
,,,,,,,,,
,,,,,,,,,
,,,,,,,,,
,,,,,,,,,
,,,,,,,,,
,,,,,,,,,
,,,,,,,,,
,,,,,,,,,
,,,,,,,,,
,,,,,,,,,
,,,,,,,,,
,,,,,,,,,
,,,,,,,,,
,,,,,,,,,
,,,,,,,,,
,,,,,,,,,
,,,,,,,,,
,,,,,,,,,
,,,,,,,,,
,,,,,,,,,
,,,,,,,,,
,,,,,,,,,
,,,,,,,,,
,,,,,,,,,
,,,,,,,,,
